Month,Lo 10,02/Dec,03/Dec,04/Dec,05/Dec,06/Dec,07/Dec,08/Dec,09/Dec,Hi 10
192607,-0.12,0.52,-0.05,0.82,1.39,1.89,1.62,1.29,3.53,3.71
192608,1.13,2.55,4,3.32,2.76,4.41,1.54,1.49,0.61,3.79
192609,0.59,-2,-2.01,-0.77,-0.01,0.13,-1.93,0.74,-0.77,1.25
192610,-4.29,-2.01,-3.25,-4.45,-3.02,-2.39,-3.55,-3.26,-3.36,-2.56
192611,-3.28,-0.23,0.08,4.9,3.56,3.45,3.6,3.05,3.86,2.4
192612,-2.49,3.93,5.6,2.22,1.33,1.4,1.81,3.37,3.11,2.97
192701,1.66,1.49,0.95,3.14,-0.6,2.29,1.6,0.8,0.43,-0.27
192702,6.32,7.98,5.35,5.91,5.62,7.86,7.17,3.98,4.9,4.03
192703,-5.45,-3.05,-0.57,-1.1,-2.98,-3.13,-0.07,-1.82,-0.69,1.78
192704,5.05,5.03,2.71,0.18,0.66,0.49,-0.12,0.02,-0.18,1.24
192705,9.95,9.9,8.97,8.66,5.51,8.67,6.97,5.93,6.28,5.43
192706,-3.6,-3.21,-1.48,-1.74,-2.11,0.38,-1.81,-2.4,-3.18,-1.89
192707,6.14,4.8,4.47,5.85,3.27,5.8,5.69,6.17,6.34,8.5
192708,-1.03,0.32,-0.17,-0.02,-1.07,0.43,0.69,2.24,1.6,2.89
192709,-0.25,-0.33,1.6,3.1,1.63,4.72,5.5,4.38,4.58,5.41
192710,-4.61,-7.75,-2.46,-1.29,-2.54,-2.68,-2.8,-3.15,-4.48,-4.18
192711,14.52,10.73,13.54,6.32,7.22,8.16,8.08,7.8,7.53,6.27
192712,3.17,4.94,0.88,2.96,2.68,6.11,1.45,3.39,5.87,1.27
192801,10.44,5.71,4.27,1.84,3.12,1.12,1.83,0.74,0.62,-1.49
192802,-1.22,-2.33,-3.19,-3.41,-3.84,-1.9,-2.42,-3.1,-1.85,-0.65
192803,4.44,4.15,9.55,6.65,8.41,8.02,5.59,11.7,7.27,9.67
192804,23.41,9.23,10.53,8.2,7.56,4.82,7.35,4.15,4.48,3.64
192805,8.57,6.7,6.14,1.83,1.82,2.23,1.37,2.02,1.88,1.25
192806,-11.59,-10.84,-7.55,-6.35,-7.48,-5.86,-6.36,-5.85,-4.38,-3.58
192807,-1.76,1.73,-1.7,-0.65,0.99,1.38,1.08,0.79,1.77,0.79
192808,1.47,3.98,2.68,5.79,5.19,7.62,7.64,8.35,6.49,6.98
192809,7.97,4.13,4.57,6.47,3.99,6.93,4.97,5.4,2.66,2.31
192810,3.09,3.53,1.49,3.2,3.1,1.1,0.95,-0.46,2.44,1.73
192811,11.68,16.11,9.48,7.41,11.55,15.33,11.79,9.97,10.16,12.97
192812,-4.37,-2.34,-1.63,-0.72,0.57,0.51,2.84,1.5,1.4,-0.04
192901,4.91,3.79,-0.74,3.6,1.39,2.17,4.06,4.37,5.74,5.62
192902,0.17,-0.84,1.68,1.82,0.04,1.62,2.72,-0.1,-0.48,-0.13
192903,-2,-4.08,-3.42,-5.74,-3.73,-4.75,-4.31,-2.71,-0.46,0.95
192904,3.74,-0.53,-1.5,4.16,1.31,1.46,3.17,0.46,1.62,1.89
192905,-15.82,-12.81,-15.75,-9.49,-8.95,-9.22,-7.93,-5.5,-4.01,-5.04
192906,8.07,6.28,6.15,7.26,9.02,8.97,12.04,10.06,10.87,10.37
192907,-1.1,-1.4,1.08,2.04,2.11,2.26,2.6,2.41,4.88,5.57
192908,-3.12,-3.12,1.28,1.25,0.06,2.74,3.66,4.14,8.03,10.44
192909,-5.01,-7.8,-4.54,-4.24,-2.89,-3.22,-4.18,-2.63,-3.39,-5.76
192910,-22.37,-19.28,-23,-17.86,-22.17,-18.27,-21.98,-20.9,-19.01,-18.89
192911,-12.81,-13.63,-13.38,-13.04,-12.53,-11.37,-12.6,-11.15,-11.07,-12.41
192912,-10.82,-8.49,-6.97,-2.47,-0.73,-0.7,-0.01,-1.09,3.61,2.29
193001,15.45,12.15,13.48,8.98,6.91,8.66,7.89,5.19,4.34,4.99
193002,4.52,2.42,2.27,3.37,2.16,3.27,0.42,2.79,3,2.9
193003,11.75,12.28,12.39,7.21,12.61,6.99,8.78,7.9,5.66,7.8
193004,-9.11,-6.11,-1.7,-6.49,-2.21,-5.26,-4.57,-4.62,-4.73,-0.84
193005,-8.01,-5.22,-5.15,-2.67,-2.13,-2.39,-4.36,-2.19,-1.08,-0.76
193006,-21.27,-18.73,-19.49,-17.79,-17.26,-15.82,-16.41,-17.39,-15.89,-14.9
193007,3.83,2.54,2.39,4.82,4.79,4.77,3.91,4.05,4.79,4.24
193008,-5.2,-3.86,-2.74,-1.36,-3.07,-0.84,-1.45,0.1,-0.62,0.93
193009,-17.07,-22.8,-18.18,-14.65,-13.96,-14.81,-16.1,-12.59,-13.77,-11.65
193010,-9.01,-11.85,-10.66,-10.84,-9.29,-10.76,-8.72,-10.22,-11.34,-8.09
193011,-5.41,-3.41,-2.98,-2.1,-1.56,-1.24,-2.73,-1.81,-2.89,-2.86
193012,-19.88,-17.64,-16.26,-15.21,-10.32,-9.92,-10.34,-9.42,-10.43,-6.13
193101,18.81,17.07,16.51,12.89,9.51,10.71,7.07,7.25,9.6,5.14
193102,25.38,25.08,14.33,11.16,13.56,13.75,12.74,9.05,12.24,10.45
193103,-2.12,-9.17,-4.02,-3.4,-5.65,-5.35,-7.92,-7.41,-8.38,-5.65
193104,-17.15,-17.63,-16.56,-16.44,-13.77,-14.61,-13.72,-11.83,-12.42,-8.47
193105,-11.82,-15.25,-10.61,-9.03,-11.4,-13.78,-14.42,-16.45,-15.82,-12.41
193106,21.57,14.43,16.1,8.58,12.79,13.28,15.16,17.89,16.03,13.43
193107,-3.19,-7.97,-5.23,-6.96,-8.4,-8.07,-6.47,-6.9,-7.54,-6.27
193108,-7.77,-4.54,-3.53,-0.42,-3.07,-1.78,-0.96,1.81,-0.54,0.4
193109,-31.27,-32.92,-31.66,-31.23,-30.12,-32.67,-27.34,-31.06,-32.36,-28
193110,1.93,6.6,5.96,10.29,7.44,10.82,7.79,9.81,8.43,7.66
193111,-10.28,-11.6,-6.48,-10.07,-5.41,-8.97,-8.52,-8.29,-10.85,-8.79
193112,-23.85,-23.52,-19.42,-13.6,-19.23,-16.3,-10.12,-14.33,-15.6,-12.78
193201,9.41,8.84,5.06,6.53,4.9,2.19,-1.82,-1.29,2.92,-2.41
193202,-1.68,3.53,4.57,-4.16,3.24,-0.13,2.17,3.3,3.52,6.71
193203,-9.06,-12.96,-12.65,-8.19,-12.98,-11.35,-7.82,-10.22,-10.56,-11.19
193204,-17.11,-20.21,-18.64,-13.79,-19.1,-14.49,-12.34,-15.41,-17.45,-18.36
193205,-10.55,-9.7,-19.12,-18.22,-24.91,-24.61,-18.95,-18.73,-22.91,-20.14
193206,-0.78,-4.95,-1.54,4.78,6.97,4.85,-0.31,2.92,0.83,-1.62
193207,47.39,43.45,54.42,47.91,39.17,45.5,32.27,43.36,39.55,31.57
193208,120.99,83.74,74.02,67.47,55.3,59.82,51.81,53.2,43.92,32.44
193209,-15.61,-12.49,-11.77,-7.54,-5.18,-8.73,-3.86,-6.68,-2.08,-2.27
193210,-20.65,-20.12,-20.24,-21.63,-20.1,-21.31,-18.33,-17.65,-15.46,-11.54
193211,-12.09,-7.09,-11.92,-10.58,-7.56,-8.59,-8.59,-6.99,-6.6,-5.3
193212,-12.67,-14.85,-7.81,-9.85,-4.45,0.28,-2.32,2.14,2.63,5.73
193301,0.46,0.24,2.28,6.59,4.12,4.04,-0.33,5.55,2.23,0.7
193302,-19.63,-11.94,-23.3,-19.46,-17.69,-19.29,-15.01,-15.34,-17.48,-14.79
193303,8.54,13.37,14.95,11.94,7.24,7.4,12.73,10.8,5.12,1.69
193304,50.73,51.63,50.94,55.35,50.62,58.56,52.15,48.1,46.86,35.17
193305,103.1,93.34,75.96,66.46,56.24,42.84,39.53,30.3,22.14,17.06
193306,30.97,30.38,25.03,16.56,22.46,19.1,13.12,14.77,15.22,11.88
193307,-2.98,-6.64,-5.14,-10.83,-15.15,-14.52,-8.28,-12.58,-10.39,-9.01
193308,2.39,4.9,6.62,7.97,12.62,15.46,14.78,16.91,14.06,11.11
193309,-18.26,-17.46,-16.7,-16.33,-14.19,-15.78,-13.95,-11.42,-10.38,-9.96
193310,-9.59,-15.07,-12.41,-11.51,-13.19,-11.73,-7.92,-10.04,-7.48,-7.94
193311,1.34,8.99,1.22,5.91,5.35,7.29,7.96,8.76,8.06,10.92
193312,-4.99,0.2,5.41,2.5,2.89,5.09,1.32,2.25,2.17,1.59
193401,44.57,42.55,31.95,34.76,26.31,28.47,21.13,15.68,14.42,10.24
193402,7.69,8.22,3.21,0.78,-0.04,3.35,-2.37,-1.29,-2.99,-2.85
193403,1.83,0.78,2.26,1.05,1.34,0.08,0.73,1.18,0.9,-0.38
193404,2.35,3.34,0.34,-1.33,-1.92,-2.15,-2.87,-1.39,-0.87,-2.07
193405,-14.35,-13.99,-10.11,-10.07,-9.62,-9.63,-10.44,-7.54,-8.18,-6.48
193406,-4.04,-0.15,-2.44,-2.21,2.16,1.34,1.08,4.55,3.09,2.64
193407,-20.36,-25,-24.26,-22.77,-20.12,-18.39,-15.83,-15.19,-14.27,-8.66
193408,5.04,13.1,14.08,9.05,10.69,9.04,7.14,6.63,5.87,4.91
193409,-3.58,-2.28,-2.83,-1.79,-1.39,-0.78,0.98,-0.87,-0.91,0.15
193410,-3.17,-1.93,-1.04,-2.02,-2.81,-1.71,-1.16,-1.49,-0.77,-1.82
193411,13.14,16.26,15.1,14.17,13.89,11.86,12.45,12.07,8.72,7.43
193412,1.84,2.08,3.81,2.2,2.52,2.03,2.38,2.25,0.46,-0.15
193501,-3.87,-2.79,-4.73,-3.35,-4.48,-2.95,-4.01,-4.81,-4.85,-2.94
193502,-14.91,-8.14,-5.39,-5.8,-3.11,-4.32,-2.75,-1.55,-1.97,-1.73
193503,-11.47,-12.47,-11.35,-7.7,-7.09,-7.61,-5.7,-4.81,-4.99,-2.71
193504,9.42,11.84,10.86,10.26,7.53,9.45,5.84,6.51,10.14,9.16
193505,0.12,0.79,1.66,3.98,0.1,1.43,0.67,1.87,4.76,3.71
193506,-6.37,2.86,3.17,5.17,4.58,7.21,6.85,5.97,7.47,5.75
193507,18.86,14.75,13.17,15.17,11.92,10.96,7.98,7.37,7.31,7.17
193508,14.42,16.88,12.11,8.06,8.56,6.14,3.1,2.42,3.6,2.05
193509,1.16,1.95,2.25,3.45,5.52,1.62,2.1,2.63,2.45,2.63
193510,4.69,9.35,11.58,9.2,9.25,10.04,5.91,7.94,9.31,6.29
193511,37.92,28.24,15.53,10.14,9.96,8.38,7.13,4.63,5.28,4.23
193512,3.82,2.48,6.99,7.7,5.6,10.32,7.59,6.5,4.57,3.78
193601,40.04,21.73,17.09,15.09,8.66,11.29,9.94,4.85,9.54,5.83
193602,5.69,10.05,5.64,4.74,5.26,2.98,2.98,4.7,4.07,1.78
193603,1.16,1.51,1.66,0.4,2.01,6.22,0.78,-1.09,0.41,1.17
193604,-24.9,-15.83,-15.92,-15.21,-11.89,-11.21,-9.82,-9.93,-10.2,-6.75
193605,6.68,5.72,3.48,7.39,7.41,6.19,3.87,3.84,4.89,5.42
193606,-3.45,-0.65,-2.17,-0.18,-0.52,0.59,0.53,-0.6,2.04,3.3
193607,8.04,8.9,6.93,10.95,8.63,9.38,8.33,8.17,5.52,6.47
193608,2.36,3.06,-0.21,3.52,2.3,3,3.11,2.17,1.27,0.59
193609,5.55,5.45,3.56,3.29,4.77,2.9,1.86,2.41,2.03,0.42
193610,6.37,7.35,6.28,6.72,4.23,5.88,5.28,7.31,5.97,7.81
193611,26.08,10.27,10.35,10.77,10.1,8.1,4.98,5.84,2.75,2.37
193612,6.34,0.33,4.64,5.12,4.53,1.69,2.95,1.25,1.04,-0.59
193701,17.3,10.83,10.45,6.48,7.73,6.96,4.72,4.46,2.65,2.8
193702,6.01,7.51,2.8,2.12,3.16,2.22,3.34,2.4,2.06,0.5
193703,-1.12,3.27,-1.32,-0.2,0.63,-0.42,1.36,1.26,0.88,-0.85
193704,-15.98,-17.21,-11.14,-12.55,-9.74,-7.98,-8.62,-9.84,-7.26,-6.63
193705,-4.33,-3.04,-3.97,-1.65,-0.67,-3.48,-1.65,-1.56,-2.93,0.1
193706,-13.5,-11.51,-9.4,-7.61,-7.79,-6.26,-6.41,-5.68,-4.03,-3.49
193707,13.1,11.57,9.32,9.5,10.19,9.22,8.63,8.47,9.77,8.75
193708,-9.84,-6,-4.25,-5.6,-4.86,-5.49,-4.6,-4.54,-4.63,-5
193709,-23.01,-23.83,-22.14,-21.28,-20.85,-19.96,-19.28,-16.59,-16.2,-11.59
193710,-9.43,-8.13,-11.88,-10.32,-11.1,-11.37,-11.05,-8.37,-10.3,-9.35
193711,-12.74,-14.34,-12.73,-11,-11.65,-9.14,-10.66,-8.87,-8.26,-7.8
193712,-11.93,-15.1,-13.68,-11.71,-11.66,-10.91,-9.21,-5.32,-5.33,-3.03
193801,5.35,6.94,5.71,4.39,5.29,3.77,1.99,2.14,-0.73,0.12
193802,-1.46,3.15,6.85,6.37,6.71,6.43,6.25,5.92,9.57,5.1
193803,-29.11,-32.48,-28.68,-28.65,-29.77,-25.98,-26.61,-23.46,-24.93,-23.12
193804,15.81,24.13,20.18,18.43,21.81,17.42,16.13,16.53,15.74,13.47
193805,-7.83,-8.1,-7.04,-6.2,-6.75,-6.21,-7.21,-4.33,-5.13,-3.18
193806,27.79,31.94,26.24,29.06,31.32,28.83,29.06,23.59,26.78,22.91
193807,15.9,15.98,15.81,13.43,14.02,10.64,12.22,11.87,7.17,6.25
193808,-12.61,-9.24,-7.78,-4.91,-5.78,-4.86,-5.3,-4.31,-3.9,-1.84
193809,-5.12,-3.79,-2.71,-2.37,-2.34,-1.57,-0.76,-1.39,0.52,1.43
193810,19.97,14.18,20.24,14.47,13.86,13.73,13.7,11.19,10.97,5.99
193811,-6.72,-5.37,-5.55,-4.56,-3.68,-1.96,-3.52,-1.22,-2.13,-1.41
193812,-5.9,-0.24,3.27,5.22,4.16,6.56,5.31,5.27,4.58,3.81
193901,-5.89,-8.8,-10.33,-8.56,-9.12,-8.33,-8.34,-7.62,-7.92,-5
193902,-0.52,4.74,4.36,4.2,6.17,5.1,4.79,3.77,4.95,2.96
193903,-19.94,-19.98,-21.8,-18.84,-19.21,-17.93,-20.78,-15.74,-16.05,-9.62
193904,-0.27,1.51,1.1,0.74,-0.2,-0.31,-0.33,-0.12,-0.26,-0.35
193905,2.53,7.26,10.28,9.15,10.42,10.58,10.24,8.6,8.05,6
193906,-8.9,-12.15,-8.38,-8.66,-7.48,-7.75,-8.26,-6.22,-7.64,-4.41
193907,12.81,15.32,12.01,16.99,15.71,13.49,16.63,13.09,11.98,8.96
193908,-12.16,-14.06,-12.85,-13.16,-11.09,-10.14,-12.39,-9.79,-10.16,-5.08
193909,102.76,62.86,45.74,41.39,35.57,29.63,27.89,17.98,20.48,13.99
193910,-13.02,-5.96,-2.52,-2.76,0.71,-0.59,-0.58,1.09,-0.92,-0.49
193911,-18.84,-14.23,-11.09,-9.97,-8.85,-7.16,-7.53,-5.07,-6.16,-2.29
193912,-4.8,1.03,0.4,3.26,4.39,4.49,3.36,2.46,2.92,3.05
194001,-3.48,-4.33,-1.9,-3.77,-1.84,-2.44,-2.14,-2.59,-2.83,-2.3
194002,5.11,6.78,3.84,2.68,3.77,3.53,2.98,2.56,0.58,1.22
194003,0.28,3,4.36,1.55,4.27,2.87,3.27,2.26,2.48,1.78
194004,2.4,7.93,4.86,1.67,3.29,2.8,1.65,-1.74,-0.5,0.11
194005,-34.3,-32.67,-29.39,-26.04,-29.18,-25.44,-30.08,-25.06,-23.72,-20.43
194006,4.57,5.48,6.24,5.25,6.35,6.49,8.41,6.89,7.42,6.57
194007,2.64,2.58,2.88,3.48,5.4,6.02,3.98,3.84,3.15,2.95
194008,-1.03,1.83,4.3,2.48,2.38,1.82,3.25,1.87,2.81,2.05
194009,4.64,4.5,4.02,5.8,5.11,4.81,2.55,2.95,3.27,1.98
194010,-1.95,7.83,5.36,7.23,4.19,4.96,5.94,6.96,4.38,2.14
194011,-0.95,0.43,0.43,-0.14,0.76,0.89,-0.31,-0.95,-1.82,-1.89
194012,-7.72,-3.26,-1.44,-1.81,-0.91,-0.1,-0.19,-0.26,-0.88,1.28
194101,5.05,-1.97,-0.85,-2.47,-3,-5.13,-3.73,-3.93,-2.88,-4.5
194102,-0.78,-3.91,-1.43,-2.6,-2.83,-1.34,-2.02,-1.53,-1.88,-1.27
194103,2.75,2.59,3.17,1.26,1.3,1.06,0.53,0.72,1.55,0.69
194104,-4.88,-6.47,-5.58,-6.65,-5.77,-4.65,-6.56,-5.43,-4.57,-5.56
194105,-0.11,-0.11,2.59,1.65,1.04,1.65,0.77,1.93,1.49,1.38
194106,10.79,9.9,6.1,6.31,5.49,7.21,5.67,5.26,5.81,5.81
194107,26.4,21.03,12.14,13.32,10.88,9.4,12.16,8.83,7.59,4.51
194108,-1.17,-1.12,0.1,-1.32,-1.86,-0.98,0.18,0.66,-0.66,-0.06
194109,-5.78,-4.32,-1.73,-2.08,-1.62,-1.72,-1.08,-0.72,-0.73,-0.76
194110,-8.42,-6.3,-4.64,-6.64,-6.04,-6.8,-4.97,-5.21,-4.98,-5.22
194111,-7.31,-5.22,-4.44,-2.2,-2.49,-1.55,-1.9,-1.27,-2.65,-1.8
194112,-16.14,-14.21,-9.42,-9.92,-8.23,-3.9,-5.84,-5.19,-6.11,-4.36
194201,35.58,18.56,10.8,11.84,8.12,4.88,5.19,2.19,4.79,-0.91
194202,-2.32,-2.96,-1.58,-1.35,-0.08,-1.98,-1.31,-2.04,-2.36,-2.67
194203,-7.79,-5.1,-4.66,-3.42,-5.41,-3.37,-5.27,-5.6,-5.99,-7.06
194204,-2.17,-5.27,-4.41,-5.36,-3.71,-5.13,-5.65,-5.38,-5.17,-3.99
194205,-2.57,0.51,2.01,1.35,1.89,2.65,3.52,4.45,4.67,6.88
194206,4.19,2.31,0.47,2.83,1.26,1.98,2.05,2.45,2.88,2.83
194207,8.46,5.77,3.55,4.13,4.62,3.7,3.94,4.97,4.7,3.11
194208,2.88,1.91,4.22,2.04,2.43,3.38,1.18,2.69,2.25,1.61
194209,12.61,6.14,4.04,3.47,2.63,2.39,3.26,2.92,2.85,2.47
194210,11.82,12.05,11.16,12.35,8.66,10.02,9.48,8.37,7.24,6.15
194211,-3.68,-3.94,-0.89,-4.33,-1.91,-1.2,-0.38,-1.49,-0.28,0.68
194212,-1.41,0.78,3.54,4.17,3.81,3.51,4.5,5.94,6.87,4.95
194301,40.25,25.73,16.16,17.14,14.01,11.03,9.93,7.26,8.77,5.96
194302,36.25,17.73,12.56,12.86,10.6,9.04,7.97,6.56,8,5.12
194303,7.82,15.97,16.74,13.19,9.27,11.59,8.75,10.02,9.41,4.18
194304,10.81,7.1,5.51,4.6,2.21,3.59,4.68,0.37,1.85,0.06
194305,19.62,13,10.07,12.62,8.94,6.03,7.02,5.33,5.02,5.41
194306,-3.7,0.18,1.47,0.11,0.44,2.73,0.09,1.86,1.76,2.07
194307,-6.6,-7.51,-8.05,-5.99,-7.86,-5.58,-7.47,-6.04,-5.72,-4.01
194308,-3.07,-0.4,-0.15,0.43,1.12,1.01,1.1,1.47,1.7,1.35
194309,4.47,4.19,3.92,4.36,2.88,2.99,3.74,2.12,2.67,2.19
194310,-2,0.43,-0.46,1.13,-0.93,-0.05,-0.76,-0.59,-1.46,-1.16
194311,-13.92,-10.91,-8.96,-6.87,-8.72,-8.43,-8.87,-7.53,-7.73,-4.88
194312,13.41,11.21,10.7,9.82,9.47,9.78,10.24,7.95,8.17,5.32
194401,8.65,5.24,5.65,4.85,4.34,3.85,2.54,2.69,2.28,1.22
194402,4.07,2.94,1.33,-0.72,1.43,1.77,0.42,1.5,0.41,0.22
194403,5.54,7.06,5.15,4.6,3.72,4.3,3.53,2.19,3.42,2.03
194404,-3.95,-3,-3.87,-2.84,-2.94,-2.59,-3.06,-3.21,-2.14,-1.16
194405,8.52,7.71,6.12,5.99,7.11,7.02,7,5.56,6.11,4.38
194406,17.19,13.52,10.98,8.25,8.78,8.78,10.57,7.31,6.52,4.43
194407,-2.18,-1.08,-1.45,-0.52,-0.56,-1.55,-1.47,-1.04,-1.84,-1.47
194408,4.52,1.77,3.53,2.95,4.26,3,2.79,1.92,2.45,1.07
194409,-0.35,0.73,0.38,-0.44,0.18,0.6,-0.51,0.47,-0.21,0.05
194410,-0.46,1.2,-0.06,-0.45,0,-0.52,-0.91,0.16,-0.02,0.36
194411,3.52,2.67,3.97,1.76,2.25,1.13,2.17,2.67,1.57,1.61
194412,10.92,8.46,6.89,7.99,7.01,6.43,7.34,5.13,4.88,3.1
194501,6.47,4.36,6.39,4.05,4.64,3.72,2.57,2.78,2.57,1.5
194502,12.1,8.13,9.39,9.39,8.48,7.95,8.92,8.09,6.85,5.38
194503,-11.73,-8.58,-4.69,-4.64,-5.95,-5.56,-5.03,-3.71,-4.64,-3.33
194504,10.23,8.16,8.73,9.74,9.07,9.43,9.97,7.97,8.85,7.27
194505,5.68,3.38,4.05,2.53,1.91,2.67,3.24,1.52,1.03,1.66
194506,11.32,7.49,4.01,2.92,2.95,2.43,4.47,2.06,1.16,-0.73
194507,-4.59,-3.69,-3.73,-3.91,-4.36,-4.01,-2.32,-3.59,-3.51,-1.35
194508,5.42,6.48,7.07,6.11,7.73,6.57,7.07,6.44,8.5,5.57
194509,5.46,7.36,6.29,7.01,6.4,6.74,6.82,6.3,5.73,3.97
194510,12.12,10.15,4.8,6.77,5.16,5.42,5.5,5.1,5.31,2.97
194511,14.76,10.49,10.98,9.75,8.99,8.76,9.06,10.62,5.17,3.79
194512,2.47,4.23,2.85,4.63,0.97,1.81,3.84,0.98,2.38,0.53
194601,16.83,13.01,10.74,7.93,9.59,7.98,8.54,7.44,5.53,5.5
194602,-7.31,-6.98,-6.83,-6.56,-7.04,-7.53,-6.64,-5.58,-6.65,-5.17
194603,2.04,4.29,4.12,8.1,7.09,7.67,8.79,6.75,6.94,5.25
194604,9.93,7.14,5.86,7.78,4.83,5.38,5.49,4.04,3.09,4.16
194605,3.12,6.34,5.61,5.92,5.66,6.54,6.16,5.75,4.72,3
194606,-5.59,-5.21,-5.46,-5.27,-5.39,-5.41,-6.02,-5.45,-4.29,-3.09
194607,-5.28,-5.67,-5.59,-3.58,-4.24,-4.17,-3.98,-4.02,-3.06,-1.92
194608,-8.82,-8.92,-8.41,-8.1,-7.66,-7.85,-7.72,-5.86,-5.91,-6.19
194609,-17.15,-16,-14.37,-13.88,-13.68,-12.44,-13.01,-11.55,-10.57,-8.81
194610,-0.33,-1.5,-2.31,-1.12,-0.24,-2.27,-1.66,-1.24,-1.77,-1.43
194611,-0.89,-1.12,-0.04,-0.93,0.26,0.4,0.35,0.27,-0.69,0.11
194612,1.3,4.94,3.73,5.85,5.34,5.57,5.78,5.41,5.84,4.65
194701,5.69,4.42,3.79,3.28,2.01,2.05,1.15,0.62,1.09,1.18
194702,0.69,-0.49,0.47,-0.6,-0.74,-0.85,-1.02,-1.48,-1.36,-1.01
194703,-4.21,-3.69,-4.33,-3.09,-2.21,-2.43,-2.61,-1.13,-2.4,-1.18
194704,-10.93,-8.88,-7.83,-8.31,-7.82,-7.68,-7.95,-6.97,-6.69,-3.2
194705,-6.45,-5.56,-4.4,-3.68,-3.5,-3.84,-2.71,-3.64,-2.2,0.26
194706,6.65,5.09,5.27,5.33,4.26,6.01,5.69,6.46,6.1,4.97
194707,7.81,7.59,8.05,5.57,5.29,7.47,5.99,5.79,4.54,3.37
194708,-3.4,-1.93,-2.31,-1.01,-1.17,-1.3,0.03,-2.67,-2.02,-1.71
194709,1.39,0.73,1.92,0.6,0.82,0.38,0.39,0.65,0.4,-1.04
194710,3.56,4.81,3.48,3.32,2.33,4.19,3.27,1.57,2.78,2.36
194711,-2.17,-3.2,-3.91,-3.4,-3.25,-2.27,-2.35,-3.21,-2.29,-1.41
194712,2.21,1.59,1.71,1.3,1.86,2.16,2.9,2.83,3.61,3.2
194801,2.42,-1.69,-1.98,-1.61,-1.83,-3.15,-1.94,-2.65,-4.24,-4.35
194802,-7.53,-6.84,-6.61,-6.53,-5.01,-6.85,-5.86,-4.93,-4.9,-3.69
194803,9.74,11.11,8.84,8.86,9.03,10,9.43,10.33,11.19,6.96
194804,6.62,3.22,3.93,2.95,2.36,3.48,6.17,4.32,3.76,3.43
194805,11.12,8.35,8.81,8.96,7.29,10.07,8.05,7.28,8.91,6.88
194806,0.2,-0.14,-0.76,-0.77,-1.44,-2.09,-1.4,-1.44,-0.45,0.6
194807,-6.16,-5.63,-5.67,-4.08,-5.57,-5.15,-5.44,-4.45,-5.85,-4.83
194808,-1.09,-1.8,-0.48,-0.52,-0.33,0.9,-0.07,0.63,-0.03,0.49
194809,-5.3,-5.09,-3.9,-3.39,-4.82,-4.15,-4.41,-4.35,-3.11,-2.39
194810,5.19,4.65,5.91,4.13,4.71,5.01,5.82,5.7,5.17,6.42
194811,-10.27,-12.32,-11.57,-9.52,-10.44,-9.93,-11.82,-9.49,-10.08,-8.7
194812,-2.99,-0.2,0.51,0.37,1.06,2.34,2.19,3.02,3.44,3.73
194901,3.57,3.65,1.96,1.21,1.72,-0.38,1.67,1.57,0.89,-0.14
194902,-4.94,-4.5,-5.35,-5.36,-4.15,-3.36,-3.26,-2.29,-1.88,-2.89
194903,7.17,6.95,6.37,5.97,6.74,5.92,5.76,4.17,4.57,3.6
194904,-2.46,-2.84,-2.54,-3.99,-2.05,-4.47,-3.48,-2.9,-2.27,-1.18
194905,-5.87,-7.07,-5.08,-3.36,-3.01,-3.94,-3.59,-1.78,-1.78,-2.98
194906,-0.81,-0.89,-1.76,-1.11,-1.23,-1.73,-0.93,0.18,0.94,0.37
194907,7.45,4.89,6.06,7.05,6.63,6.61,6.64,6.14,5.15,5.47
194908,1.26,2.9,2.1,2.63,4.12,2.05,2.62,2.05,1.79,2.99
194909,5.53,3.76,4.52,4.95,4.07,4.48,4.37,4.25,3.8,2.66
194910,7.6,4.57,4.65,3.27,3.69,3.52,2.57,2.78,2.58,3.4
194911,-1.9,-0.77,0.55,0.97,0.86,1.3,2.48,1.7,2.89,1.86
194912,9.22,7.3,8.45,6.4,7.38,8.4,6.03,6.2,5.87,4.53
195001,5.68,6.45,4.44,4.34,5.42,3.9,2.47,2.43,2.11,1.16
195002,2.48,2.41,2.58,1.75,0.08,1.29,1.62,1.69,1.99,1.44
195003,-0.25,-0.28,-1.29,0.22,-1.08,0.19,-0.28,1.16,0.35,1.97
195004,6.43,6.61,5.52,6.39,5.87,5.72,3.82,3.29,3.73,4.11
195005,3.77,1.67,2.18,3.58,2.47,2.21,4.2,3.11,4.1,4.99
195006,-9.76,-10.05,-8.37,-7.99,-7.01,-7.55,-6.87,-7.88,-6.28,-5.09
195007,9.46,8.68,7.15,6.2,4.27,4.58,2.91,3.44,1.39,0.57
195008,4.56,5.06,4.71,4.39,6.13,4.68,4.78,3.86,4.72,5.12
195009,4.3,3.36,5.26,5.88,4.93,6.43,6.22,6.04,5.7,4.43
195010,-0.26,-0.76,-0.3,1.04,-0.24,-0.57,-1.08,-1.37,-0.93,0.41
195011,2.98,3.57,3.88,3.1,2.27,3.79,3.72,3.69,3.84,2.44
195012,15.71,11.35,10.55,9.69,6.18,8.54,7.63,6.5,6.01,4.84
195101,7.81,9.2,8.48,7.74,8.71,7.65,6.61,7.34,5.38,5.35
195102,0.38,0.33,0.58,1.43,0.78,0.99,0.94,2.02,1.93,1.55
195103,-6.95,-4.18,-4.86,-2.97,-3.21,-4.2,-3.66,-2.89,-2.47,-1.44
195104,4.27,4.02,4.34,4.14,4.84,4.2,4.55,4.8,4.24,5.34
195105,-2.41,-4.88,-2.96,-3.4,-1.68,-2.53,-1.69,-2.48,-1.24,-2.42
195106,-6.9,-6.4,-6.75,-4.95,-5.32,-6.53,-4.37,-3.48,-2.34,-1.8
195107,3.87,4.52,7.02,5.94,5.92,5.93,7.29,7.59,7.26,7.14
195108,6.78,5.46,5.01,5.05,5.64,4.46,3.72,3.65,3.68,4.61
195109,1.18,3.09,3.94,2.83,2.3,2.14,2.16,2.47,2.13,0.01
195110,-1.38,-3.02,-2.46,-3.4,-1.55,-2.75,-2.83,-2.31,-2.28,-2.35
195111,-1.33,-0.28,0.57,0.33,0.85,1.12,2.31,1.35,1.05,0.39
195112,-0.26,0.7,0.32,1.55,0.76,0.69,2.44,2.09,2.74,4.24
195201,1.95,1.21,1.84,1.74,1.64,1.44,1.52,1.76,2.06,1.52
195202,-3.2,-2.77,-2.07,-1.95,-1.61,-2,-1.56,-1.8,-2.43,-2.76
195203,0.85,2.76,2.67,2.52,2.37,3.03,2.97,4.16,3.95,5.17
195204,-4.43,-4.51,-5.24,-4.27,-4.37,-3.95,-4.38,-5.19,-4.31,-5.05
195205,1,1.79,2,2.53,2.69,2.42,2.99,2.67,3.39,3.54
195206,2.54,3.31,3.04,2.58,2.79,3.12,3.73,3.36,2.87,4.49
195207,-0.04,1.63,0.99,0.87,0.93,1.32,0.6,1.53,1.11,1.02
195208,-0.36,0.46,0.68,0.3,0.68,-0.1,0.15,-0.12,-0.19,-0.95
195209,-0.66,-1.58,-1.45,-1.87,-0.35,-2.25,-1.49,-1.62,-1.6,-2.04
195210,-0.44,-1.39,-1.36,-1.95,-1.38,-0.64,-0.98,-0.85,-1.49,-0.15
195211,3.69,4.85,5.78,5.38,6.54,5.58,5.15,5.85,7.14,5.95
195212,0.56,1.51,3.16,2.82,1.09,2.55,3.4,2.15,2.44,3.45
195301,5.76,3.28,4.02,3.42,3.71,1.5,1.6,1.28,-0.06,-0.92
195302,2.72,3.44,1.32,1.36,1.97,0.56,0.75,0.7,-0.08,-0.52
195303,-1.44,-2.04,-1.59,-1.97,-1.74,-0.41,-0.65,-1.31,-0.44,-1.48
195304,-2.14,-1.72,-2.21,-1.56,-2.61,-1.93,-2.7,-2.12,-2.49,-2.87
195305,1.39,0.58,0.64,0.52,0.77,0.22,0.88,0.58,0.94,0.69
195306,-4.33,-4.5,-3.7,-3.48,-3.13,-3.09,-2.54,-3.23,-2.4,-1.1
195307,0.2,2.52,1.03,1.59,1.53,2.02,1.5,1.54,2.28,2.92
195308,-5.16,-6.42,-6.09,-5.17,-5.25,-5.29,-4.29,-5.03,-3.53,-4.31
195309,-4.04,-1.73,-2.06,-0.35,-0.97,-1.06,-0.63,-0.14,0.67,0.64
195310,2.45,2.19,3.21,3.34,4.41,4.3,4.21,4.55,4.06,5.04
195311,2.05,1.88,2.13,1.47,1.49,2.15,2.9,3.03,3.09,2.98
195312,-2.79,-2.74,-2.42,-1.42,-0.82,-1.16,-1.29,0.29,0.3,0.4
195401,8.86,7.4,7.41,6.38,6.72,7.2,5.99,5.87,5.58,4.84
195402,-0.22,0.44,1.68,1.45,1.91,1.94,1.71,2.38,1.53,1.7
195403,2.63,3.18,2.59,2.79,2.48,2.88,3.25,4.2,3.17,3.96
195404,1.17,0.69,0.45,1.42,1.75,2.51,1.16,2.62,2.58,5.55
195405,3.33,5.41,3.24,4.92,4.95,3.02,4.5,4.09,3.88,2.71
195406,1.13,1.12,1.03,1.92,1.42,2.04,1.09,2.39,1.37,0.88
195407,11.81,8.82,7.96,6.46,7.47,6.16,7.1,6.05,6.67,4.21
195408,-0.4,-0.08,0.42,0.37,-1.2,-1.31,-1.9,-1.4,-2.77,-2.53
195409,4.17,3.65,4.13,4.58,4.48,3.99,4.48,5.1,4.49,7.53
195410,0.21,-0.43,-0.77,-1.21,-0.31,-0.43,-0.3,-0.62,-0.89,-2.08
195411,5.97,9.49,8.56,8.88,9.87,10.26,8.72,10.37,9.27,9.42
195412,12.9,11.44,9.98,9.9,9.22,8.74,5.94,5.77,6.96,4.76
195501,3.84,3.4,0.78,0.89,1.93,2.61,1.03,0.31,0.76,0.48
195502,4.19,6.64,4.91,3.31,5.34,4.71,4.4,3.44,3.32,2.67
195503,0.07,-0.59,0.12,0.52,-0.28,1.17,-0.76,-0.62,1.37,-0.33
195504,3.28,1.26,3.3,1.02,1.77,1.97,2.27,2.43,2.02,3.88
195505,1.74,0.52,0.13,0.14,0.51,0.5,0.94,1.53,0.9,1.21
195506,4.89,3.35,3.7,2.51,3.13,2.22,3.77,5.41,3.96,8.21
195507,2.64,0.88,1.75,0.26,0,0.23,1.06,-0.12,0.44,2.8
195508,0,-0.3,0.62,-0.15,1,1.09,1.03,0.73,0.71,0.21
195509,0.33,0.88,-1.24,-1.15,-0.06,-1.47,-1.13,-1.65,-2.56,0.58
195510,-2.22,-1.36,-1.2,-1.14,-1.03,-1.41,-1.81,-2.07,-1.97,-2.8
195511,3.81,3.48,4.66,5.81,5.63,6.31,6.03,6.94,6.28,7.67
195512,1.9,2.78,2.09,1.85,3.27,2.27,1.89,1.98,1.97,1.47
195601,-1.19,-0.62,-1.25,-2.12,-2.5,-3.1,-3.02,-3.14,-2.54,-2.87
195602,3.33,2.81,3.35,3.46,2.51,3.66,3.82,3.84,3.6,4.19
195603,2.29,6.34,4.23,4.61,3.91,6.31,5.21,5.79,6.26,7.33
195604,0.77,0.26,1.15,0.17,0.77,0.34,0.9,0.63,-0.56,0.66
195605,-4.54,-3.52,-5.14,-3.84,-3.91,-3.11,-4.46,-3.23,-3.67,-5.56
195606,0.52,0.52,2.27,1.62,2.22,3.93,2.63,2.66,3.59,3.99
195607,1.44,3.16,4.32,3.04,3.61,4.28,4.84,4.33,5.13,5.27
195608,-0.91,-0.91,-1.52,-1.39,-1.18,-1.79,-2.38,-2.97,-1.26,-3.56
195609,-3.31,-1.92,-2.59,-2.28,-3.48,-3.55,-3.82,-4.15,-5.07,-5.29
195610,-0.02,0.49,1,0.35,0.94,0.64,1.51,0.39,1.5,0.64
195611,0.44,0.33,0.26,1.53,0.84,0.92,0.91,0.55,1.46,0.34
195612,0.44,1.37,2.51,3.83,2.29,2.27,3.29,2.76,2.85,3.72
195701,4.63,1.39,1.9,0.34,-0.3,0.02,-1.02,-0.99,-1.61,-4.52
195702,-2.89,-1.64,-2.78,-2.32,-3.45,-2.22,-1.87,-1.77,-1.82,-1.75
195703,0.67,2.09,1.67,2.14,2.85,2.14,3.08,2.2,2.41,2.32
195704,3.5,2.34,1.98,2.98,1.97,2.19,2.34,3.38,3.14,5.35
195705,0.96,0.11,2.21,1.88,2.14,2.77,2.42,2.1,3.74,4.16
195706,2.1,0.11,-0.07,-0.1,-1.08,-1.14,-0.96,-2.47,-2.74,0.14
195707,0.88,0.51,1.02,0.72,0.11,0.62,0.54,0.18,0.28,1.23
195708,-4.63,-3.63,-4.73,-4.93,-5.12,-5.25,-5.62,-5.94,-4.96,-4.66
195709,-6.03,-3.95,-4.83,-5.18,-6.19,-5.21,-5.11,-4.9,-4.97,-6.03
195710,-9.04,-7.8,-6.76,-7.33,-7.11,-5.68,-5.11,-4.75,-4.12,-3.56
195711,-0.33,1.25,0.1,0.85,2.83,3.23,2.85,3.1,3.8,2.3
195712,-5.24,-5.49,-4.62,-5.33,-5.18,-4.23,-3.45,-3.25,-2.58,-3.81
195801,13.77,12.8,11.03,11.56,10.77,9.63,8.83,8.59,5.73,3.57
195802,-2.13,-1.34,-0.49,0.63,-1.32,0.14,-0.73,-0.77,-0.38,-1.87
195803,3.49,3.61,3.96,2.76,3.97,3.54,4.13,3.42,3.04,3.34
195804,5.03,2.75,4.02,3,2.33,1.89,2.68,3.65,3.78,3.12
195805,6.16,3.08,3.75,4.09,5.14,4.53,3.27,2.51,3.24,1.93
195806,3.63,2.81,3.69,2.34,3.22,2.4,3.18,2.86,3.1,2.98
195807,5.5,6.03,5.2,5,6.95,6.25,4.93,4.75,4.89,4.12
195808,4.61,2.87,3.05,3.08,3.71,3.44,2.6,2.95,1.64,1.69
195809,5.98,6.15,4.89,6.8,5.14,4.71,5.72,4.14,4.34,4.93
195810,2.51,2.79,3.99,4.41,2.63,4.08,2.98,3.36,3.08,2.45
195811,2.36,6.1,6.29,4.92,3.74,2.98,4,4.94,3.69,2.64
195812,3.64,3.24,3.11,4.77,2.87,3.51,4.61,3.72,4.35,6.04
195901,8.5,7.06,6.01,4.55,4.47,3.75,2.57,1.91,1.03,0.22
195902,3.75,3.28,3.63,2.96,3.07,3.65,3.18,2.96,1.82,0.39
195903,0.31,2.11,3.51,1.66,0.71,0.88,1.76,0.35,0.85,0.31
195904,1.54,2.78,1.67,3.98,3.14,4.18,3.66,3.24,2.79,4.27
195905,0.11,3.25,-1.19,-0.07,1.05,1.17,1.68,0.53,-0.35,2.84
195906,-1.26,1.38,0.12,1.01,1.9,1.27,1.66,0.74,0.81,-0.45
195907,4.01,2.05,3.19,3.65,2.23,4.08,2.64,2.39,3.53,3.58
195908,-1.59,0.03,-1.58,-1.96,-1.94,-0.18,-1.66,-1.98,-1.94,-0.93
195909,-3.93,-4.78,-4.23,-4.35,-4.71,-4.06,-5.26,-4.61,-5.08,-4.33
195910,-0.7,2.77,1.71,3.09,2.37,2.91,1.39,4.21,2.55,0.96
195911,0.53,0.44,1.06,3.18,1.58,0.81,2.07,2.95,1.3,1.87
195912,1.32,3.48,2.88,2.67,2.46,1.96,1.76,0.65,1.79,3.4
196001,0.55,-2.49,-3.11,-4.8,-3.67,-5.66,-5.16,-5.14,-4.85,-7.55
196002,-1.34,1.06,1.57,1.9,0.89,0.08,1.5,2.15,1.43,1.45
196003,-1.41,-3.45,-3.03,-2.77,-2.61,-2.74,-2.14,-2.05,-0.77,-1.07
196004,-3.32,-1.77,-2.42,-1.55,-2.53,-2.24,-1.31,-1.03,0.05,-1.89
196005,0.44,0.76,2.75,4.01,2.31,3.39,2.36,2.19,3.4,3.39
196006,3.69,1.65,2.02,1.89,2.22,2.92,2.37,2.7,2.64,2.24
196007,-1.51,-1.56,-2.27,-1.87,-1.94,-1.67,-2.62,-1.04,-2.17,-2.4
196008,5.28,5.51,2.31,4.42,3.59,4.19,3.23,3.06,3.41,3.04
196009,-6.04,-6.06,-5.91,-6.74,-6.05,-5.75,-6.09,-5.16,-5.76,-5.87
196010,-3.26,-2.54,-3.3,-2.04,-3.95,-2.1,-1.89,-1.31,-1.01,0.09
196011,2.01,1.16,5.32,3.82,5.98,5.91,5.07,6.39,6.47,4.27
196012,1.93,2.75,4.6,2.35,3.52,3.5,4.58,5.03,5.01,5.01
196101,9.35,8.47,8.62,8.22,7.97,8.97,8.37,7.91,6.12,5.95
196102,6.06,5.99,7.86,7.63,7.01,5.71,6.47,5.06,5.01,2.73
196103,6.16,6.47,8.45,5.2,4.86,4.78,5.46,4.5,2.37,2.58
196104,3.4,0.63,2.15,2.29,-0.6,0.35,0.87,-0.22,-0.04,0.54
196105,4.94,3.22,4.79,3.93,5.55,4.35,2.84,3.94,3.06,2.09
196106,-5.35,-4.99,-4.93,-5.2,-5.25,-4.25,-3.27,-3.41,-2.96,-2.44
196107,-0.76,0.55,0.75,0.67,1.63,0.92,0.94,2.35,2.66,3.58
196108,1.22,0.69,0.78,1.81,0.23,1.58,2.79,4.43,3.84,2.42
196109,-3.47,-3.53,-3.42,-3.69,-3.61,-1.72,-2.64,-2.65,-2.45,-1.62
196110,2.05,2.37,1.7,1.26,1.64,2.43,2.29,3.08,3.05,2.79
196111,4.28,5.9,5.93,5.78,5.19,4.58,4.71,3.45,3.95,4.87
196112,-0.49,0.92,-1.04,-0.33,0.2,-0.76,-0.89,-2,-1.18,0.59
196201,4.19,0.81,1.08,-0.8,-1.11,-3.05,-1.93,-2.59,-1.77,-4.48
196202,2.44,1.24,1.17,1.32,0.7,1.97,2.14,1.23,1.12,2.34
196203,-0.86,1.25,-0.91,-0.61,-1.09,-0.2,-1.3,-1.12,-0.03,-0.47
196204,-7.2,-7.1,-6.96,-7.27,-6.79,-5.54,-6.65,-6.7,-6.8,-6.2
196205,-11.22,-9.47,-9.94,-10.12,-10.64,-10.91,-9.26,-9.58,-8.3,-7.89
196206,-8.19,-6.99,-8.91,-6.67,-8.18,-7.39,-8.43,-9.25,-7.15,-8.44
196207,7.61,7.49,7.77,6.78,6.31,5.2,5.95,5.72,6.05,6.81
196208,3.33,2.61,3.67,3.08,3.59,2.15,3.48,2.15,2.8,2.09
196209,-5.94,-7.63,-7.2,-7.4,-7.03,-6.04,-5.14,-5.26,-5.75,-4.51
196210,-3.71,-4.57,-2.82,-3.67,-2.86,-1.32,-1.68,-0.96,-0.63,1.27
196211,13.42,14.88,15.24,14.12,13.87,13.3,13.06,13.11,13.01,10.11
196212,-1.29,-2.82,-1.75,-2.58,-2.42,-0.54,-0.03,1.1,1.35,1.89
196301,10.58,11.27,9.36,7.96,8.42,6.19,6.32,5.72,5.05,4.63
196302,-0.18,0.27,-1.48,-2.02,-1.15,-1.61,-1.95,-1.52,-1.66,-2.48
196303,2.06,1.18,2.14,1.72,1.74,1.55,1.69,2.94,3.14,3.86
196304,3.22,2.7,5.49,3.11,3.78,3.83,4.1,4.86,4.54,4.98
196305,6.72,4.33,3.81,3.14,3.93,3.62,2.54,1.94,3.06,1.61
196306,-1.85,-1.05,-1.48,-2.06,-1.81,-1.35,-2.13,-1.49,-1.16,-1.99
196307,-0.22,-0.48,-1.82,-0.96,-1.16,-2.2,-1.09,-1.6,-0.28,0.33
196308,2.56,3.42,4.79,5.34,6.45,4.47,5.58,5.83,5.92,5.23
196309,-0.18,-1.84,-1.85,-1.95,-1.91,-1.57,-2.62,-1.99,-2.05,-0.91
196310,0.67,0.35,2.77,2.82,1,1.5,1.51,1.05,1.8,3.54
196311,-2,-2.14,-0.62,-1.85,-1.26,-1.59,-0.2,-0.33,-0.21,-0.55
196312,-2.29,-0.96,0.01,0.33,2.08,0.52,1.97,1.18,1.8,2.57
196401,4.77,3.46,2.63,0.73,2.5,1.32,0.93,1.33,1.17,3.19
196402,2.7,2.46,2.86,3.36,2.32,2.16,3.05,2.95,2.05,1.47
196403,2.33,2.48,3.94,3.43,4.06,3.26,2.88,3.05,1.83,1.26
196404,0.05,-0.75,-0.64,-0.46,-1.07,-0.42,0.28,-1.06,-0.5,0.91
196405,0.78,0.21,1.95,2.76,1.37,0.88,2.07,1.91,1,1.76
196406,1.25,1.09,1.26,1.29,1.04,1.8,1.6,1.21,1.47,1.61
196407,3.75,2.57,3.58,1.79,1.86,3.08,1.82,2.16,3.36,1.68
196408,-0.43,-0.87,-0.59,-1.78,-0.52,-1.07,-0.56,0.08,-1.3,-1.31
196409,5.07,3.79,3.08,3.02,2.82,2.98,3.72,3.79,3.14,2.78
196410,2.64,1.78,1.01,1.32,1.57,2.58,1.21,1.8,0.83,0.63
196411,0.09,0.28,0.44,-1.52,0.36,0.62,0.01,0.1,0.31,0.3
196412,-1.74,-2.34,-1.13,0.21,-0.32,-0.53,-0.39,-0.26,-0.25,0.76
196501,8.38,6.65,6.47,6.31,5.28,5.98,5.25,5.53,4.58,3.09
196502,3.23,2.72,3.87,4.14,4.6,3.29,2.64,2.78,2.56,-0.4
196503,2.28,2.45,1.45,-0.42,0.75,0.52,-0.14,-0.17,-0.64,-1.53
196504,5.18,4.29,3.63,4.84,4.6,3.45,3.89,3.37,2.77,3.38
196505,-0.11,-1.44,-1.16,-0.35,-0.49,-0.2,-0.94,-0.83,-0.42,-0.28
196506,-9.72,-9.91,-8.78,-9.03,-8.2,-8.05,-7.84,-7.28,-5.84,-3.98
196507,2.65,3.44,3.47,3.43,3.41,3.47,2.7,3.69,2.39,1.1
196508,4.14,4.4,4.25,5.34,7.36,5.31,3.92,4.34,3.47,2.43
196509,3.06,2.05,2.77,4.79,3.57,3.26,2.98,3.11,2.87,3.23
196510,8.1,6.57,5.83,6.11,5.64,4.86,3.7,4.16,3.36,2.18
196511,7.16,4.19,3.04,6.18,5.38,3.75,3.57,3.15,1.69,-1.22
196512,5.15,3.73,4.51,5.24,2.33,3.14,3.05,1.63,1.82,0.66
196601,8.54,6.7,6.7,4.84,4.26,4.37,2.45,3.47,2.84,-0.46
196602,5.5,3.94,3.89,2.16,2.51,2.15,1.03,0.24,-0.89,-1.89
196603,0.5,-1.95,-3.17,-0.97,-2.63,-3.37,-2.88,-1.5,-0.58,-2.48
196604,6.99,5.22,8.06,4.53,3.82,3.86,3.25,3.09,2.09,1.9
196605,-13.04,-9.35,-9.73,-9.85,-8.98,-7.53,-7.16,-6.14,-5.57,-4.01
196606,-0.15,1.04,0.46,0.07,-0.3,0.67,-0.99,1.06,-0.37,-1.78
196607,-2.02,-1.7,-0.99,-2.47,-0.86,-1.06,-1.42,-1.76,-0.88,-1.27
196608,-11.68,-9.64,-11.49,-9.7,-9.42,-8.74,-9.1,-8.05,-8.07,-6.72
196609,-2.23,-1.64,-1.78,-1.54,-1.19,-1.77,-1.08,-1.26,-1.44,-0.2
196610,-5.35,-2.41,-0.5,-1.55,0.87,2.18,0.81,3.51,5,5.41
196611,4.14,5.59,3.43,4.73,5.55,3.23,5.72,2.7,1.93,0.95
196612,1.52,2.22,2.61,1.88,2.32,1.86,2.2,2.62,2.18,-0.52
196701,20.63,16.54,19.05,17.68,13.78,14.09,10.95,9,8.47,6.97
196702,6.62,4.84,2.97,3.2,2.09,1.01,1.65,0.44,0.91,0.85
196703,6.93,6.7,7.07,6.85,5.57,5.66,5.46,5.1,4.47,3.82
196704,4.94,4.06,3.96,3.64,4.53,4.44,4.04,4.85,2.78,4.48
196705,-0.23,-0.18,-1.98,-1.42,-2.69,-0.95,-0.61,-2.2,-3.94,-5.02
196706,13.3,11.3,6.95,8.66,5.84,5.16,4.65,3.63,2,1.46
196707,10.36,9.14,8.49,7.84,6.72,6.23,5.21,5.72,5.14,4.1
196708,1.31,-0.41,0.7,-1.2,0.33,-0.05,0.45,-0.39,-0.37,-0.87
196709,8.91,7.5,5.8,4.87,3.03,4.05,4.52,1.36,2.16,3.49
196710,-1.1,-2.47,-3.54,-1.75,-3.4,-2.15,-4.06,-5.14,-4.97,-1.81
196711,-1.11,1.09,0.42,1.05,1.44,0.39,1.72,0.79,0.35,0.75
196712,11.6,9.92,9.82,8.3,6.76,6.27,3.76,2.72,3.15,2.32
196801,5.74,0.62,0.44,-0.92,-0.58,-3.2,-2.72,-3.76,-2.76,-4.56
196802,-7.51,-6.1,-5.76,-6.33,-3.83,-4.8,-4.74,-4.23,-3.35,-2.34
196803,-1.41,-0.86,-1.19,-1.11,-1.39,1,0.7,-0.35,-0.25,1.24
196804,17.19,17.4,14.64,15.05,12.07,13.01,10.81,10.53,8.96,7.91
196805,14.78,8.54,9.95,6.65,5.79,5.94,5.1,3.71,2.69,0.98
196806,1.56,-0.47,-0.04,1.1,1.98,-0.04,2.31,1.71,2.3,0.86
196807,-2.02,-3.92,-1.96,-5.01,-2.83,-4.83,-5.53,-2.43,-2.24,-1.53
196808,4.54,4.55,3.69,2.7,4.21,2.61,1.32,2.49,1.47,1.38
196809,7.44,6.77,6.92,6.99,7.41,4.95,6.72,6.88,5.47,3.04
196810,0.01,0.19,1.35,0.15,1.5,1.19,1.2,0.54,1.53,0.76
196811,7.16,6.9,8.39,8.53,8.24,8.07,7.77,7.22,6.3,4.89
196812,3.44,1.4,-1.16,-1.55,-1.44,-2.5,-3.14,-3.46,-2.81,-4.52
196901,-0.46,-0.97,-0.57,-0.43,-1.07,-2,-1.95,0.32,0.05,-0.97
196902,-10.8,-9.71,-8.27,-8.51,-8.07,-7.48,-7.58,-6.85,-5.98,-3.49
196903,3.23,3.08,2.37,2.06,2.5,1.6,1.9,2.2,1.03,4.13
196904,0.2,0.98,1.56,1.14,1.12,0.97,2.05,1.07,1.94,2.5
196905,1.21,0.8,0.52,-1.54,1.17,-0.11,-0.12,0.18,-0.73,0.62
196906,-13.81,-13.19,-11.79,-11.03,-11.15,-10.5,-9.17,-7.48,-6.51,-4.72
196907,-11.58,-11.18,-9.74,-8.89,-8.57,-8.49,-7.33,-6.59,-6.37,-5.63
196908,4.11,5.59,5.73,5.32,8.05,6.81,5.07,6.42,3.9,5.07
196909,-3.36,-3.32,-0.87,-0.22,-1.05,-1.1,-1.55,-2,-0.91,-3.04
196910,10.72,9.61,9.34,8.82,7.65,7.77,7.8,6.84,7.08,4.16
196911,-7.08,-6.89,-4.65,-3.99,-5.15,-4.42,-3.93,-3.59,-3.45,-2.67
196912,-8.71,-6.29,-7.17,-4.92,-3.01,-3.79,-1.96,-2.07,-2.56,-1
197001,-1.95,-6,-5.11,-5.28,-6.3,-7.49,-6.85,-8.03,-6.06,-8.12
197002,2.85,3.78,3.82,3.73,3.73,5.19,4.65,6.5,7.74,5.76
197003,-4.07,-3.72,-2.32,-3.02,-1.59,-0.86,-0.36,-0.56,-0.4,0.12
197004,-18.91,-17.01,-17.2,-17.03,-14.57,-14.72,-13.16,-11.35,-10.8,-8.46
197005,-9.72,-9.3,-9.26,-11.58,-10.27,-10.12,-9.16,-8.37,-7.03,-4.74
197006,-8.16,-9.28,-7.45,-8.18,-5.25,-6.38,-5.58,-3.59,-4.7,-5.03
197007,4.04,6.11,7.06,7.46,8.86,6.3,8.8,8.72,7.31,7.33
197008,5.98,6.37,8.18,6.85,5.87,7.32,5.35,6.09,5.55,4.48
197009,16.7,13.7,14.82,11.92,9.46,9.84,7.04,6.7,4.21,2.85
197010,-8.78,-6.55,-6.51,-3.95,-5.02,-4.39,-4,-3.76,-2.13,-0.51
197011,-2.8,-0.42,1.81,3.07,3.88,3.55,4.94,5.34,6.32,5.41
197012,9.15,9.47,8.02,9.04,7.81,8.4,8.9,8.11,6.39,5.21
197101,17.43,12.09,12.56,9.93,10.05,7.92,6.58,7.8,5.16,3.44
197102,6.83,4.8,2.46,3.49,2.34,2.74,2.08,2.78,1.19,1.27
197103,6.22,5.45,5.53,6.01,7.39,5.56,4.89,5.15,3.4,4.01
197104,1.43,2.98,3.3,3.15,4.86,4.75,4.05,3.9,3.38,3.42
197105,-6.52,-5.33,-5.33,-3.84,-3.97,-3.63,-2.5,-3.85,-2.7,-3.82
197106,-2.97,-1.34,-1.93,1.12,-1.28,-0.88,0.1,0.64,0.85,0.44
197107,-6.8,-6.49,-5.57,-5.43,-3.34,-5.87,-4.11,-4.53,-3.79,-3.81
197108,3.11,5.26,5.36,5.21,3.65,6.49,6.07,4.64,3.89,3.95
197109,-0.16,-0.11,-1.32,-0.34,-0.69,-0.14,-0.59,-0.29,-0.82,-0.44
197110,-6.93,-6.09,-5.61,-4.13,-5.8,-6.24,-4.33,-3.82,-5.64,-3.28
197111,-5.55,-3.73,-3.71,-1.31,-1.84,-2.21,-1.02,-1.6,-0.94,0.98
197112,12.66,12.37,13.92,11.79,10.4,11.45,11.38,9.64,9.81,8.03
197201,14.7,11.47,7.94,7.01,5.22,4.83,4.41,2.32,2.18,1.69
197202,4.57,3.61,3.57,4.03,2.31,4.54,3.47,1.72,3.45,3.05
197203,-0.83,-0.5,0.56,0.18,1.05,1.13,0.85,1.44,-0.3,1.11
197204,0.5,-0.14,1.61,0.5,0.58,0.04,0.12,-0.2,1.27,0.63
197205,-2.86,-1.84,-3.23,-0.31,-1.09,-0.18,2.02,-0.36,0.82,2.56
197206,-4.26,-3.3,-2.09,-2.3,-3.65,-2.05,-2.99,-3.92,-3.14,-1.44
197207,-3.7,-4.88,-3.65,-4.07,-2.2,-2.4,-2.85,-2.19,-2.31,0.92
197208,-0.11,-0.28,0.65,1.18,2.88,2.27,2.63,3.76,5,3.72
197209,-4.44,-4.01,-3.41,-2.92,-1.86,-2.51,-3.53,-1.32,-1.86,0.16
197210,-3.18,-2.09,-0.9,-0.28,-0.65,-0.31,-0.64,0.52,1.06,1.43
197211,4.3,4.9,6.11,5.94,5.59,5.46,7.23,7.34,6.8,3.97
197212,-2.86,-1.68,-2.48,-1.22,0.03,-0.69,-1.09,-1.09,-1.08,2.32
197301,-2.83,-5.05,-5.1,-7.25,-6.17,-6.23,-6.48,-5.03,-6.78,-0.56
197302,-8.06,-8.82,-8.41,-7.6,-8.08,-7.49,-5.96,-5.91,-3.66,-3.29
197303,-2.42,-2.92,-2.36,-2.35,-2.97,-2.77,-2.4,-2.84,-1.32,0.28
197304,-7.22,-7.66,-6.97,-7.82,-5.77,-6.4,-7.43,-5.76,-5.17,-3.84
197305,-9.36,-9.09,-8.56,-8.22,-6.85,-6.13,-6.06,-4.66,-2.34,-0.68
197306,-3.49,-3.86,-2.32,-3.64,-3.44,-2.05,-3.51,-2.91,-3.43,0.21
197307,12.13,12.67,13.17,11.99,9.84,9.24,9.72,9.46,7.28,3.48
197308,-5.9,-5.04,-4.94,-4.52,-3.32,-3.56,-1.5,-2.31,-1.45,-3.4
197309,7.35,9.58,9.89,9.63,9.92,10.14,10.86,9.94,8.63,2.86
197310,0.01,-1.13,-0.79,-0.57,-0.96,0.67,-0.35,-0.69,-1.51,0.24
197311,-19.52,-18.61,-17.88,-17.82,-16.77,-17.17,-17.47,-15.35,-12.11,-9.81
197312,-4.86,-2.32,-1.7,-1.02,-0.81,0.93,1.16,3.72,1.75,1.39
197401,13.83,10.85,9.35,7.92,6.43,6.51,3.2,2.4,1.43,-1.96
197402,0.1,-0.57,1.43,0.73,0.22,-0.43,-0.03,1.11,0.09,-0.04
197403,1.63,-0.41,-1.03,-0.68,-1.47,-1.68,-2.76,-3.39,-3.22,-2.15
197404,-5.18,-5.72,-7,-5.22,-5.77,-5.51,-6.5,-6.26,-6.04,-3.51
197405,-7.18,-7.48,-7.81,-7.23,-7.73,-8.27,-7.99,-6.31,-6.55,-1.84
197406,-2.79,-3.03,-3.02,-2.71,-2.8,-4.26,-3.61,-3.61,-2.98,-1.51
197407,-5.61,-5.48,-5.02,-4.81,-4.37,-2.93,-5.33,-4.48,-6.05,-8.65
197408,-7.99,-8.29,-8.61,-7.86,-9.05,-8.2,-9.62,-9.66,-10.24,-8.37
197409,-7.7,-8.61,-8.67,-8.36,-8.43,-8.04,-8.81,-8.2,-7.92,-12.62
197410,6.97,10.46,10.06,9.63,9.99,11.67,15.56,14.95,18.02,18.06
197411,-5.87,-5.21,-3.92,-4.41,-3.7,-3.89,-3.23,-1.83,-2.07,-4.59
197412,-8.47,-6.5,-6.66,-5.79,-5.44,-4.43,-5.26,-3.22,-1.28,-2.13
197501,26.87,28.36,25.78,24.39,25.06,20.84,22.28,18.95,15.22,10.81
197502,4.46,4.89,5.44,3.54,3.6,4.86,3.7,4.03,4.57,7.09
197503,8.38,7.84,5.76,6.41,5.86,5.1,6.31,4.85,3.08,1.97
197504,3.14,4.38,3.42,3.54,4.58,4.69,4.99,4.62,4.25,4.9
197505,7.95,8.24,7.84,7.79,5.75,5.5,7.54,5.28,4.99,5.41
197506,7.4,6.32,7.32,6.35,5.95,5.58,5.91,8.01,6.82,4.18
197507,0.79,-2.35,-3.48,-2.87,-3.85,-4.34,-4.74,-6.77,-5.81,-6.91
197508,-5.9,-5.93,-5.58,-4.52,-3.68,-4.01,-3.67,-3.41,-2.14,-1.63
197509,-3.35,-3.62,-3.21,-4.07,-3.78,-4.15,-3.94,-4.08,-3.28,-3.75
197510,0.73,2.35,2.69,2.8,1.77,3.71,5.14,6.43,5.24,6.74
197511,1.72,2.17,2.92,1.97,1.93,3.58,3.62,4.44,2.52,3.1
197512,-1.22,-0.51,-1.49,-1.07,-0.21,0.22,-0.2,-1.04,-0.06,-1.54
197601,19.78,18.96,18.87,17.31,17.02,16.28,15.52,14.36,12.99,11.02
197602,12.76,9.46,8.35,7.97,5.91,5.88,4.05,2.39,1.56,-1.69
197603,1.72,1.84,0.66,1.34,1.62,1.13,2.12,1.6,0.97,3.67
197604,-1.07,-1.71,-1.08,-1.4,-0.29,-0.97,-1.31,-1.35,-0.76,-1.1
197605,-2.98,-2.02,-1.58,-2.19,-0.91,-1.59,-1.29,-1.76,-0.26,-0.78
197606,1.98,3.03,2.92,3.91,5.43,5.65,4.95,5.76,4.94,4.27
197607,-0.03,0.41,0.3,0.82,0.22,-0.36,-0.24,-0.11,-0.77,-0.84
197608,-1.81,-1.07,-2.58,-1.7,-1.41,-1.78,-0.51,-0.9,-0.06,0.37
197609,1.3,2.4,2.7,3.53,2.61,2.49,2.13,2.24,2.34,2.54
197610,-1.74,-1.68,-2.47,-1.85,-1.66,-1.85,-2.5,-1.22,-2.91,-1.91
197611,2.25,4.29,4.09,3.49,3.73,4.17,3.2,3.21,2.06,-0.76
197612,10.54,9.12,10.16,9.17,9.4,7.34,7.85,7.2,6.97,4.75
197701,5.3,3.2,2.05,1.15,0.39,-0.51,-2.1,-2.99,-3.91,-5.23
197702,0.48,-0.22,-1.12,-0.55,-1.07,-2.55,-1.62,-2.35,-2.42,-1.36
197703,1.04,0.52,0.06,0.13,0.35,0.45,0.13,-0.01,0.02,-1.87
197704,2.19,1.58,2.08,1.69,1.11,2.19,1.61,1.62,2.11,-0.54
197705,0.64,-0.21,-0.2,0.02,0.1,-0.18,-0.61,-0.77,-0.17,-1.74
197706,6.01,6.2,5.92,7.05,6.87,6.1,4.96,5.77,4.22,4.91
197707,1.8,0.75,0.2,-0.27,-0.24,-0.64,-1.31,-2.04,-2.1,-1.34
197708,-0.17,-0.85,-0.37,-0.8,-0.4,-0.33,-1.99,-1.57,-2.38,-1.17
197709,2.08,1.17,0.63,0.34,1.92,0.5,-0.07,1.04,-0.14,-0.18
197710,-2.29,-2.53,-2.47,-2.59,-2.21,-3.08,-2.7,-4.21,-3.8,-4.35
197711,7.67,8.68,8.5,7.72,6.85,6.97,6.62,6.72,4.34,3.17
197712,2.72,2.83,2,1.5,1.73,0.96,1.36,0.23,0.57,0.5
197801,-0.18,-1.85,-2.86,-3.94,-4.22,-4.4,-5.43,-5.56,-5.38,-6.27
197802,3.74,2.88,1.21,1.54,1.73,0.33,0.54,-1.42,-1.92,-1.63
197803,7.61,7.04,6.9,6.06,5.41,5.38,4.99,4.83,4.5,1.79
197804,8.39,8.28,8.02,7.86,7.63,7.66,7.02,7.03,7.67,9.23
197805,8.29,5.58,6.11,5.14,5.31,4.58,4.07,3.03,2.9,0.68
197806,0.8,0.63,0.1,0.27,0.24,0.14,0.22,-0.81,-1.24,-1.87
197807,4.9,5.82,5.98,7.01,5.26,4.72,6.34,6.82,5.21,5.59
197808,10.37,7.06,8.22,8.35,6.92,7.56,5.16,5.16,3.63,2.99
197809,0.4,-1.25,-1.54,-1.17,-1.09,-1.65,-1.68,-1.03,-0.73,-0.57
197810,-20.85,-20.69,-20.02,-18.79,-17.93,-16.46,-14.42,-13.21,-11.79,-7.62
197811,4.46,6.26,6.33,5.91,5.77,3.92,3.23,3.01,3.1,2.97
197812,2.06,1.78,1.96,2.89,2.51,1.79,1.29,1.21,0.56,1.91
197901,10,9.1,8.9,7.78,6.91,7.61,5.8,6.53,5.27,3.6
197902,-1.68,-2.75,-2.2,-3.02,-1.77,-3.17,-2.82,-3.9,-2.72,-2.86
197903,7.98,9.1,9.59,9.06,10.21,9,7.56,8.69,7.46,4.89
197904,3.2,2.83,1.14,3.11,2.13,1.38,2.31,0.97,-0.14,0.23
197905,-1.23,-1.56,-1.14,-1.12,-1.43,-1.86,-1.05,-0.72,0.14,-1.94
197906,5.33,5.48,6.62,6.4,6.16,4.59,5.84,6.71,5.94,3.56
197907,1.8,3.4,2.6,3.43,2.91,4.09,3.51,1.86,2.79,0.49
197908,7.34,7.61,7.95,7.69,8.03,6.73,7.48,7.14,6.02,5.71
197909,-0.63,-0.36,-1.01,0.04,0.56,-1.21,0.37,-1.09,0.14,0.29
197910,-10.27,-11.19,-11.15,-10.18,-9.41,-9,-8.85,-8.59,-7.95,-5.65
197911,7.12,8.14,8.72,8.03,9.32,7.32,8.24,7.29,6.75,5.02
197912,8.47,6.61,6.47,6.41,5.22,3.96,4.37,3.13,3.87,1.11
198001,11.6,8.33,7.43,6.59,6.89,6.59,6.33,6.36,6.15,5.85
198002,-0.4,-1.6,-1.27,-2.36,-2.47,-3.19,-2.43,-2.25,-2.97,1.47
198003,-19.16,-18.26,-17.6,-16.91,-17.36,-14.76,-14.28,-12.99,-10.15,-9.45
198004,5.3,7.29,6.41,5.79,6.68,7.84,5.81,6.89,4.87,4.3
198005,6.6,7.43,8.06,9.21,8.09,7.62,9.38,7.75,5.95,4.91
198006,4.47,4.67,4.29,5.46,5.19,4.13,4.93,5.01,3.78,2.76
198007,9.31,10.56,10.59,11,8.97,9.21,9.19,6.93,8.17,5.62
198008,8.19,7.25,6.15,5.61,4.08,4.52,3.68,1.28,2.51,1.22
198009,4.59,3.83,3.45,2.81,3.35,2.84,3.22,3.07,3.61,2.61
198010,6.14,4.05,3.51,3.32,3.09,1.35,0.88,1.08,1.51,1.97
198011,7.64,7.7,8.17,8.36,5.82,7.9,10.36,6.66,9.18,12.78
198012,-4.36,-4.95,-3.33,-2.22,-2.12,-2.85,-2.8,-1.72,-2.09,-3.58
198101,-0.05,-1.12,-0.92,-1.49,-1.08,-1.91,-3.12,-2.66,-3.79,-5.5
198102,-0.43,-0.45,0.79,2.4,1.72,2.27,1.55,2.77,1.35,1.87
198103,7.13,7.95,7.87,7.72,7.18,8.55,8.46,8.06,7.3,1.67
198104,3.52,4.09,2.52,3.88,2.32,2.05,0.48,-0.33,-0.58,-2.8
198105,3.39,3.53,3.49,3.41,2.76,3.02,2.99,1.71,1.68,-0.01
198106,-1.55,-1.42,-2.24,-2.93,-1.02,-2.22,-2.64,-0.63,-2.05,0.2
198107,-2.48,-3.18,-2.04,-2.14,-1.39,-2.15,-1.68,-0.54,-1.1,0.91
198108,-8.43,-8.18,-7.75,-7.12,-6.01,-6.74,-5.81,-4.86,-5.88,-5.25
198109,-10.2,-8.53,-8.37,-6.62,-7.27,-5.69,-6.4,-7.07,-5.85,-5.17
198110,7.39,8.38,8.37,8.16,7.4,7.07,6.46,6.3,7.25,5.14
198111,1.22,3.09,3.69,4.2,3.29,2.44,4.57,4.87,3.93,5.1
198112,-2.1,-1.4,-1.42,-2.03,-1.65,-2.36,-2.11,-2.88,-2.44,-3.26
198201,-1.32,-2.68,-2.8,-4.2,-4.51,-3.39,-4.64,-3.36,-3.03,-1.51
198202,-4.4,-4.48,-4.59,-4.18,-4.85,-3.4,-4.36,-3.37,-4.61,-5.67
198203,-1.21,-1.25,-0.69,-0.94,-0.27,-0.33,-0.76,-1.18,-1.2,-0.75
198204,4.71,6.05,5.24,6.18,5.53,5.22,4.55,5.39,5.16,3.68
198205,-1.83,-1.57,-2.79,-3.68,-2.37,-2.6,-4.01,-3.97,-4.41,-2.12
198206,-2.7,-3.26,-2.78,-1.71,-2.86,-2.02,-2.35,-1.86,-2.76,-1.75
198207,-1.73,-2.13,-1.97,-0.09,-1.42,-2.27,-1.82,-3.49,-3.55,-1.73
198208,4.44,6.93,7.52,8.6,11.09,11.15,11.94,13.06,12.26,12.65
198209,3.18,4.24,4.12,4.16,4.83,3.16,2.58,3.35,1.57,0.82
198210,12.99,15.21,14.57,13.57,13.81,13.93,15.76,13.06,11.61,10.51
198211,11.77,7.79,8.3,9.12,9,7.99,7.57,5.52,5.01,3.76
198212,1.97,1.81,0.94,0.36,0.45,0.53,1.04,1.75,0.95,1.37
198301,11.62,8.27,5.9,6.78,5.2,3.94,3.36,3.48,2.73,3.9
198302,5.41,5.35,6.46,5.61,5.59,4.54,4.05,2.97,2.9,2.42
198303,5.61,4.53,4.42,3.67,4.81,4.58,3.34,2.93,3.83,3.07
198304,7.98,8.29,7.55,8.68,7.06,6.53,6.69,6.36,6.72,7.68
198305,10.44,8.51,6.02,5.15,3.99,4.16,4.25,3.24,2.26,-1.95
198306,4.67,3.2,4.77,4.54,4.79,3.66,4.26,2.72,3.46,3.81
198307,-2.47,-1.79,-2.16,-3.84,-2.64,-3.15,-3.59,-3.21,-3.29,-3.57
198308,-4.56,-2.79,-3.53,-2.79,-3.21,-2.29,-0.96,0.46,-0.22,2.11
198309,-0.8,0.54,2.71,2.56,2.4,4,3.3,1.68,2.19,1.12
198310,-5.88,-6.28,-5.93,-6.58,-5.49,-4.48,-4.04,-3.32,-2.47,-1.02
198311,2.52,3.92,4.06,5.99,4.59,5.08,4.53,4.71,2.63,1.64
198312,-2.18,-1.31,-0.77,-1.82,-1.91,-1.62,-1.91,-1.95,-1.82,-0.17
198401,0.73,-0.79,-1.44,-1.38,-2.57,-4.29,-3.52,-3.27,-1.32,0.05
198402,-5.55,-5.76,-5.12,-4.6,-5.52,-6.04,-5.72,-4.46,-5.03,-2.79
198403,0.48,1.03,1.07,0.57,1.66,0.97,2.3,1.6,2.47,0.77
198404,-2.47,-0.71,-0.34,0.15,0,-0.18,-0.72,-2.19,-0.86,1.74
198405,-5.14,-4.93,-4.72,-5.54,-6.15,-5.13,-5.08,-5.54,-5.18,-4.95
198406,0.89,2.96,2.52,3.77,3.65,3.3,3.42,3.36,3.35,2.64
198407,-5.4,-4.12,-4.72,-3.61,-3.57,-2.87,-3.94,-3.19,-1.47,-0.64
198408,7.72,10.54,12.47,11.5,13.04,12.66,11.46,12.75,11.14,10.62
198409,-0.15,-0.48,-0.67,-0.57,0.47,-0.04,-0.17,0.89,0.41,-0.06
198410,-2.24,-1.96,-1.11,-0.72,0.23,-1.12,-0.97,1.04,0.99,0.43
198411,-3.77,-1.61,-2.61,-1.91,-0.38,-0.1,-1.04,-0.64,-0.1,-1.12
198412,0.07,1.97,2.29,1.9,2.99,2.61,2.15,3.06,3.24,2.39
198501,12.94,12.51,12.93,11.73,10.6,10.53,10.89,8.96,7.02,7.4
198502,4.34,2.61,2.46,2.65,1.63,0.62,1.1,1.97,2.12,1.57
198503,-1.28,-1.53,-2.05,-1.64,-0.88,-1.57,-0.06,-0.23,1.16,-0.06
198504,-0.91,0.05,-1.35,-0.05,0.17,-0.45,-0.83,-0.26,-0.45,-0.01
198505,2.41,3.4,4.36,3.99,5.13,4.64,5.12,6.18,7.38,5.98
198506,1.09,2.07,1.76,3.35,2.88,2.64,1.71,2.21,2.7,1.26
198507,2.45,2.75,2.9,2.7,1.69,1.6,0.48,-0.4,-1.71,-0.59
198508,-0.39,-0.51,-0.52,-0.31,-1.04,-0.82,-0.13,-0.56,-0.34,-0.44
198509,-6.05,-5.26,-5.58,-5.56,-5.22,-4.38,-5.1,-5.03,-4.36,-2.8
198510,1.33,3.38,4.29,4.33,3.93,3.47,4.69,5.64,6.65,4.35
198511,4.63,7.11,7.61,7.67,7.69,6.32,8.03,6.63,7.22,7.13
198512,3.18,4.61,4.83,3.88,4.57,3.96,3.59,4.25,3.96,5.12
198601,4.93,2.43,1.12,1.5,2.25,2.32,1.81,1.78,2.71,-0.11
198602,5.94,7.06,8.53,7.18,7.93,6.95,7.33,8.03,8.71,7.55
198603,4.16,5.68,4.32,4.85,4.55,6.45,7,4.23,4.68,5.95
198604,1.88,1.77,0.62,1.63,1.89,0.56,-1.28,-0.83,-2.45,-1.03
198605,3.51,4.47,3.25,4.24,4.66,5.47,4.8,5.31,5.75,5.34
198606,1.14,0.6,1.05,1.52,0.32,1.39,0.85,1.84,1.53,1.91
198607,-8.14,-8.68,-9.51,-8.31,-9.03,-7.41,-6.25,-6.98,-5.22,-4.89
198608,0.02,1.54,3.2,4.37,4.13,6.71,6.67,7.7,7.01,7.21
198609,-6.2,-6.88,-6.22,-6.71,-6.55,-6.09,-6.48,-7.42,-8.38,-9.12
198610,1.46,2.33,3.91,4.13,3.22,3.26,5.3,5.82,6.69,5.31
198611,-1.27,-0.62,-0.35,-0.5,0.15,-0.2,0.96,0.86,1.41,2.61
198612,-4.17,-3.39,-2.59,-2.66,-2.08,-2.24,-2.95,-3.71,-3.69,-2.28
198701,10.66,10.92,12,12,11.49,12.12,13.35,12.61,12.74,13.38
198702,8.11,7.98,7.25,8.35,6.76,6.77,5.94,5.21,5.01,3.49
198703,3.32,1.6,2.89,1.43,2.07,1.15,1.61,1.18,0.92,2.71
198704,-1.88,-2.32,-2.22,-3.67,-3.1,-2.19,-1.34,-3.5,-2.39,-0.8
198705,-0.08,-0.59,-0.33,-1.03,0.61,0.21,0.6,0.48,0.01,0.92
198706,1.76,1.23,2.55,2.57,3.13,3.49,3.33,4.29,5.29,5.14
198707,2.08,2.65,2.81,3.51,3.9,4.8,4.25,5.4,4.93,4.25
198708,1.02,2.41,3.86,3.51,4.25,2.32,4.19,3.18,3.25,4.73
198709,-1.22,-2.51,-2.36,-1.71,-2.22,-2.4,-1.21,-1.63,-2.38,-2.3
198710,-28.87,-30.59,-28.95,-29.59,-28.09,-26.23,-26.27,-24.47,-22.24,-19.74
198711,-5.27,-5.49,-4.58,-5.18,-4.22,-3.83,-4.45,-5.91,-6.41,-9.14
198712,1.58,6.27,6.72,9.1,8.33,8.2,9.47,8.15,7.83,6.57
198801,7.36,5.18,4.78,3.6,3.46,4.86,3.12,4.08,5.89,4.34
198802,6.23,6.85,7.09,9.43,7.85,7.62,7.78,7.55,4.96,3.73
198803,4.27,4.91,3.57,3.7,2.23,1.1,0.78,0.67,-2.08,-4.22
198804,1.15,2.34,2.02,2.92,0.86,0.63,0.37,0.65,0.69,1.05
198805,-2.35,-1.99,-2.65,-2.52,-1.03,0.04,-0.65,0.27,-0.28,1.2
198806,5.13,5.65,7.43,7.65,6.54,6.42,7.28,6.3,5.15,4.4
198807,0.1,-0.34,-0.39,-1,-1.42,-2.1,-2.06,-1.62,-1.62,-0.03
198808,-2.25,-2.65,-1.98,-3.28,-2.86,-1.94,-1.73,-1.88,-2.73,-3.14
198809,1.11,2.26,3.06,2.6,2.84,2.33,3.8,2.89,5.26,4.31
198810,-1.68,-1.5,-0.46,-0.85,-0.09,-0.04,0.42,0.27,1.64,3.18
198811,-4.33,-3.51,-3.23,-2.61,-2.14,-2.66,-1.81,-2.48,-2.62,-0.88
198812,2.15,2.72,4.66,3.54,3.71,3.57,2.1,2.22,1.94,1.77
198901,4.92,4.89,4.94,4.25,4.21,6.14,5.75,6.1,7.1,7.19
198902,0.31,0.54,1.24,1.41,0.55,0.4,-0.18,0.04,-1.46,-2.98
198903,1.88,2.58,2.24,1.96,3.64,0.92,1.09,1.74,2.43,2.42
198904,2.85,2.7,4.35,4.62,5.34,5.09,5.96,4.88,4.83,5.29
198905,2.99,3.25,3.54,3.75,4.7,4.67,4.01,3.88,4.85,4
198906,-1.18,-1.73,-1.94,-1.98,-1.37,-0.6,-0.78,0.25,0.34,-0.79
198907,2.61,3.02,4.69,4.04,4.74,4.74,7.06,7.88,8.01,9.21
198908,1.97,1.81,3.39,3.21,3.02,3.38,4.26,2.97,3.39,1.21
198909,-0.1,0.49,0.18,0.93,0.11,-0.7,-1.21,-1.71,-0.6,0.41
198910,-5.7,-5.81,-5.53,-6.4,-5.48,-4.95,-4.27,-4.73,-4.64,-1.17
198911,-1.19,0.17,0.96,0.2,1.14,1.74,0.6,2.09,1.09,2.26
198912,-2.17,-0.68,0.7,0.09,-0.32,0.72,1.55,2.19,1.63,2.41
199001,-5.56,-8.08,-8.8,-8.82,-9.21,-7.73,-7.4,-8.35,-7.23,-6.77
199002,1.22,2.72,4.09,2.19,2.97,2.76,1.62,2.28,1.94,1.18
199003,1.97,2.74,4.8,3.21,3.8,1.94,3.69,1.99,0.92,2.65
199004,-2.15,-3.66,-2.17,-4.79,-3.15,-3.76,-4.73,-4.27,-4.15,-1.61
199005,4.1,6.29,7.97,6.86,6.8,8.48,9.15,9.08,9.59,9.48
199006,1.26,-0.3,-0.56,-0.03,0.9,-0.35,-0.89,-0.87,-1.63,-0.32
199007,-4.02,-4.69,-4.12,-4.38,-3.44,-3.73,-1.8,-2.55,-2.05,0.07
199008,-12.5,-13.88,-13.21,-12.63,-12.59,-11.3,-10.12,-10.25,-9.52,-8.51
199009,-8.65,-9.42,-8.86,-9.23,-9.54,-7.49,-6.1,-7.92,-6.52,-4.02
199010,-6.95,-6.53,-5.85,-5.58,-5.87,-3.92,-2.97,-2.75,-2.62,0.58
199011,1.66,4.34,7.09,7.74,9.44,9,8.04,9.46,9.84,5.62
199012,-1.23,1.53,3.35,5.28,4.74,4.99,4.53,3.77,4.24,2.38
199101,7.34,8.35,8.19,7.77,9.26,6.98,6.54,5.93,6.26,4.04
199102,12.89,12.66,10.53,11.73,10.06,8.71,9.87,7.86,8.2,6.67
199103,9.57,6.74,6.64,5.87,5.25,4.62,3.46,4.39,2.96,2.22
199104,2.66,-0.19,0.17,0.45,1.07,-0.15,0.02,1.21,1.64,-0.26
199105,2.6,4.03,4.69,3.97,4.3,4.32,4.64,5.26,5.13,3.65
199106,-4.01,-5.06,-4.14,-4.48,-3.59,-4.33,-3.89,-5.07,-5.71,-4.22
199107,2.16,4.22,3.55,4.14,4.95,5.39,4.96,4.46,4.64,4.83
199108,1.88,3.94,3.34,4.02,4.84,4.05,2.15,2.51,2.62,2.61
199109,0.8,1.59,1.38,-0.16,-0.26,-0.68,-0.76,-0.6,-0.94,-1.64
199110,2.36,5.07,2.58,2.15,2.67,2.26,1.17,2.23,2.44,1.16
199111,-1.32,-4.62,-5.64,-4.77,-5.37,-3.99,-3.73,-3.81,-4.67,-3.31
199112,2.82,6.57,7.25,9.15,10.98,11.39,10.39,11.37,11.66,11.67
199201,16.68,11.71,7.75,6.98,5.22,4.1,1.07,1.27,-0.01,-2.77
199202,5.18,3.73,2.22,2.53,2.33,3.16,2.01,1.98,2.21,0.52
199203,-1.06,-4.59,-3.72,-3.56,-2.5,-2.23,-2.84,-3.11,-2.32,-1.82
199204,-5.23,-4.94,-4.5,-3.18,-1.16,-2.11,-0.33,1.59,2.03,2.96
199205,0.21,-0.15,0.34,1.14,0.71,0.98,0.62,0.51,0.6,0.65
199206,-4.7,-5.34,-4.08,-3.55,-3.31,-2.77,-2.88,-1.51,-1.71,-1.6
199207,2.47,3.14,4.08,3.4,4.02,5.01,3.72,4.57,4.17,4.07
199208,-3.3,-3.1,-2.6,-2.56,-3.33,-2.36,-2.43,-2,-2.53,-1.83
199209,0.77,1.35,3.44,1.96,1.94,3.09,1.13,1.77,2.55,0.9
199210,1.39,3.15,3.54,3.55,3.92,3.47,2.58,3.2,1.87,0.07
199211,7.52,10.44,8.26,7.46,7.29,6.79,4.56,4.94,4.52,3.17
199212,4.92,3.16,2.9,3.57,3.51,3.97,2.91,2.96,1.15,1.13
199301,7.85,3.51,3.51,2.39,2.49,1.64,1.66,2.63,1.81,0.03
199302,-2.02,-4.38,-2.95,-2.23,-1.55,-1.75,-0.12,-0.01,0.75,1.27
199303,3.61,2.85,2.93,2.67,3.46,4.83,3.77,3.38,3.08,1.79
199304,-1.63,-3.36,-2.88,-2.76,-3.18,-2.32,-2.58,-3.05,-2.85,-2.76
199305,3.44,4.7,5.35,3.98,4.79,4.96,3.19,3.95,2.41,2.65
199306,1.36,-0.11,0.18,0.77,1.88,-0.3,1.29,1.32,0.31,0.26
199307,1.4,1.28,1.28,0.99,1.36,-0.08,0.46,0.12,0.65,-0.69
199308,3.64,4.28,4.61,5.02,3.71,4.53,4.25,5.64,3.96,3.47
199309,3.83,2.64,2.55,3.67,2.43,1.46,0.68,0.21,-0.18,-0.6
199310,5.05,4.27,3.99,1.29,2.19,-0.01,0.61,1.3,0.63,1.91
199311,-2.94,-3.2,-3.16,-3.7,-2.79,-2.36,-3.69,-2.38,-1.29,-0.85
199312,0.07,1.49,2.85,3.73,4.82,4.11,4.29,3.83,2.41,0.66
199401,5.58,3.7,3.26,2.13,2.01,2.7,3.1,3.11,2.86,3.18
199402,-0.81,-0.9,-0.51,-0.93,0.73,-0.32,-1.33,-1.78,-2.12,-3.27
199403,-4.54,-5.2,-6.65,-5.56,-4.49,-5.22,-4.28,-5.01,-3.63,-4.28
199404,-1.45,-0.72,-0.05,0.76,0.11,0.38,1.08,0.51,0.41,1.51
199405,-0.46,-1.05,-1.22,-1.43,-1.86,-0.69,-1.21,0.49,0.84,2.04
199406,-2.11,-3.96,-3.4,-2.73,-3.15,-1.77,-3.07,-3.33,-2.94,-2.37
199407,0.68,0.42,2.48,1.91,2.32,3.46,3.92,3.2,3.36,3.24
199408,2.63,4.62,5.49,6.69,6.98,4.96,5.22,4.89,4.97,3.77
199409,1.46,1.14,0.88,-0.79,-0.61,-0.77,-1.81,-2.09,-2.83,-2.36
199410,0.53,0.36,-0.18,-0.4,-0.53,1.71,0.55,0.13,1.77,2.61
199411,-3.84,-3.55,-3.69,-3.94,-3.9,-5.59,-5.41,-3.45,-4.19,-3.13
199412,-2.36,-0.02,1.68,2.34,2.86,2.42,1.54,1.02,0.72,1.41
199501,3.03,1.4,-0.35,-1.02,-2.15,0.02,1.29,1.56,3.04,2.97
199502,2.23,3.63,3.73,3.79,4.45,5.8,5.51,4.28,5.57,3.44
199503,2.01,1.22,3.77,2.02,2.23,2.03,2.98,2.13,3.3,2.62
199504,2.94,2.58,2.34,1.44,2.1,1.02,2.58,1.22,1.61,3.24
199505,2.3,1.88,2.15,1.16,0.95,2.45,2,2.65,3.85,4.2
199506,7.65,5.76,6.45,5.85,4.17,4.29,5.29,3.14,2.41,2.38
199507,5.28,7.09,6.13,7.27,6.25,5.82,6.2,5.24,3.89,3.28
199508,4.68,3.84,1.8,2,2.28,1.13,1.17,1.8,2.11,0.22
199509,2.27,2.71,1.62,2.1,1.72,1.42,2.55,2.32,2.63,5.09
199510,-4.99,-4.31,-6.36,-6.43,-4.01,-1.95,-0.92,-3.08,-2.17,0.43
199511,0.57,2.83,4.41,5.25,3.7,5.56,4.6,4.49,5.25,4.22
199512,0.82,2.71,2.94,2.81,1.43,2.86,0.31,-0.32,0.8,1.9
199601,2.5,0.16,-0.35,-0.16,0.01,-0.85,0.81,2.49,3.12,3.58
199602,3.07,3.22,3.36,3.77,3.45,2.98,3.17,1.66,2.42,1.05
199603,2.86,3.11,1.58,3.01,2.52,2.89,2.4,0.75,1.19,0.73
199604,7.21,7.96,7.76,6.41,4.52,3.95,3.69,3.15,1.92,1.18
199605,8.76,5.51,5.85,4.52,3.31,1.81,1.34,1.54,1.69,2.79
199606,-4.8,-4.41,-3.62,-4.56,-3.49,-3.15,-1.99,-1.59,-0.86,0.83
199607,-9.04,-9.45,-11.25,-9.1,-8.76,-8.5,-5.82,-6.55,-6.31,-4.05
199608,3.29,5.12,5.73,6.58,6.86,6.14,5.4,5.18,3.61,1.84
199609,2.08,3.8,4.15,4.09,4.43,5.22,4.23,4.92,5.41,5.97
199610,-2.61,-1.68,-1.29,-1.89,-3.22,-2.01,0.84,-0.42,1.09,2.7
199611,1.37,2.83,3.36,2.53,3.93,4.72,5.52,6.11,6.8,7.84
199612,0.35,2.01,2.73,2.41,0.88,0.35,0.67,-0.9,-2.38,-1.81
199701,6.5,4,3.07,2.3,3.24,1.07,3.19,2.83,4.87,6.83
199702,-1.41,-2.53,-3.97,-2.72,-1.58,-2.5,-0.28,-0.03,-0.11,0.72
199703,-4.49,-4.93,-6.08,-4.93,-5.31,-4.22,-5.06,-4.65,-4.17,-4.45
199704,-3.05,-3.95,-1.23,-0.48,0.94,2.32,2.28,1.93,3.09,6.69
199705,7.92,10.96,13.04,12.21,11.67,9.77,8.75,7.67,7.39,5.93
199706,5.2,6.52,5.49,5.24,4.99,4.4,3.86,3.17,2.72,4.77
199707,4.81,6.03,3.31,6.39,5.59,6.32,6.5,7.39,9.03,8.16
199708,4.28,4.47,3.78,2.51,2.69,1.02,0.45,-0.05,-2.06,-6.33
199709,10.11,9.15,8.19,7.76,8.04,6,6.67,4.51,5.75,5.36
199710,-2.04,-3.99,-4.95,-3.95,-5.4,-3.61,-4.6,-5.02,-3.27,-2.9
199711,-2.71,-1.22,-1.42,-2.36,-0.64,-0.58,1.48,1.97,2.71,5.12
199712,-3.5,0.04,0.59,1.18,1.3,2.56,2.75,1.24,3.57,1.71
199801,-0.46,-0.89,-0.37,-1.43,-0.71,-1.83,-0.95,-1.11,-2.36,1.98
199802,5.23,7.11,7.6,8.38,8.63,8.78,7.61,7.53,8.08,7.13
199803,5.19,5.49,4.02,4.88,4.4,4.53,5.17,4.64,4.71,5.33
199804,2.85,2.42,0.44,1.76,0.16,0.98,0.93,-0.11,0.26,1.63
199805,-4.3,-5.17,-4.99,-6.05,-5.7,-5.87,-3.95,-3.51,-2.34,-1.59
199806,-3.06,1.43,-0.23,1.42,1.65,0.68,0.8,-0.02,2.48,5.13
199807,-6.27,-6.14,-7.67,-7.71,-7.68,-8,-5.47,-5.68,-4.5,-0.02
199808,-20.84,-22.81,-21.04,-19.45,-20.25,-19.97,-18.82,-17.11,-14.97,-14.42
199809,1.08,5.55,7.06,7.7,6.62,7.34,4.62,7,6.13,6.66
199810,1.06,3,3.6,4.72,5.29,4.26,6.86,7.6,7.93,8.03
199811,7.88,8.45,6.99,6.34,7.03,5.1,4.84,4.01,5.7,6.74
199812,0.66,4.26,5.75,5.59,6.19,7.85,5.86,6.22,5.81,6.77
199901,7.21,4.02,2.01,-0.09,2.59,0.41,-1.01,-1.53,1.33,4.95
199902,-5.28,-7.37,-8.37,-9.42,-8.79,-7.11,-4.19,-3.99,-1.85,-3.41
199903,-3.7,-2.32,0.2,1.42,4.56,2.59,0.68,3.65,4.72,4
199904,8.11,11.42,9.62,5.92,11.08,9.73,7.13,10.11,6.21,2.92
199905,3.21,1.21,1.45,2.45,-0.16,-0.07,2.68,0.62,-1.36,-2.67
199906,3.84,10.25,6.94,7.45,5.76,3.61,5.28,5.95,2.52,5.41
199907,2.31,0.92,-1.17,-2.23,-2,-2.61,-0.29,-2.64,-3.82,-3.41
199908,-2.88,-2.97,-4.39,-3.98,-2.36,-4.21,-4.03,-1.74,-1.75,-0.25
199909,-2.44,-0.75,0.17,-0.3,1.52,0.12,-1.33,-1.6,-4.63,-2.63
199910,-0.6,-1.43,-0.44,-0.18,2.57,1.18,5.96,4.95,6.03,7.32
199911,12.2,9.72,8.92,7.77,6.7,5.36,6.28,4.51,2.35,2.57
199912,12.85,15.7,9.73,12.35,11.99,6.08,12.4,11.6,7.58,6.2
200001,10.65,1.71,0.83,-3.17,-4.37,-3.54,-3.85,-3.54,-3.53,-4.81
200002,29.5,25.69,18.28,17,14.58,10.19,13.6,12.51,7.11,-2.55
200003,-10.43,-10.42,-6.08,-6.71,-7.19,0.96,3,3.98,4.97,10.51
200004,-18.15,-12.2,-12.11,-6.6,-5.22,-5.19,-5.84,-5.81,-5.02,-3.39
200005,-10.35,-7.55,-8.29,-4.39,-3.28,-3.35,-5.45,-3.49,-3.42,-2.59
200006,18.55,21.78,12.8,9.06,7.98,5.5,5.29,6.31,3.85,2.74
200007,-1.82,-1.87,-1.44,-4.15,-3.36,-2.92,-3.86,-1.62,-1.01,-1.98
200008,3.81,8.14,5.27,5.87,7.74,7.76,7.43,10.32,9.18,7.25
200009,-3.26,-3.63,-3.79,-2.87,-4.85,-3.49,-4.67,-4.81,-1.06,-5.4
200010,-7.23,-7.66,-4.47,-5.31,-4.51,-5.84,-3.37,-2.48,-1.91,-1.71
200011,-9.13,-10.65,-9.06,-10.43,-10.7,-10.5,-8.34,-9.81,-9.65,-9.7
200012,-2.26,1.27,6.29,7.49,8.82,9.32,8.64,7.67,7.14,-0.24
200101,17.66,14.84,10.58,7.54,4.55,5.18,2.7,3.81,2.84,3.13
200102,-3.22,-5.44,-5.08,-5.2,-6.81,-7.43,-5.83,-7.86,-5.02,-10.52
200103,-1.14,-4.34,-3.15,-2.89,-5.72,-7.13,-6.86,-4.83,-5.85,-7.22
200104,2.98,7.45,7.08,7.03,8.16,8.42,8.8,10.55,7.87,7.81
200105,8.94,12.75,4.5,2.64,2.73,2.77,2.96,3.21,2.41,0.15
200106,2.06,2.91,7.94,5.86,4.08,-0.25,1.4,-0.74,-1.56,-2.38
200107,-0.81,-4.27,-6.29,-6.69,-5.17,-4.55,-1.51,-2.76,-3.78,-0.88
200108,-3.27,-3.12,-4.31,-4.56,-3.79,-4.23,-4.51,-5.36,-4.47,-6.87
200109,-11.22,-13.65,-15.58,-16.3,-15.2,-12.79,-11.84,-14.97,-10.97,-7.07
200110,6.75,5.36,6.79,7.19,7.92,7.55,4.76,4.86,3.65,1.65
200111,5.7,7.52,8.63,10.02,8.4,7.88,7.49,9.94,7.59,7.63
200112,6.67,7.77,7.49,7.04,5.87,6.29,5.83,4.46,2.5,0.42
200201,4.45,-0.79,-1,-2.49,-1.31,-2.17,0.04,-1.91,-0.1,-1.3
200202,-3.88,-4.35,-3.79,-3.04,-2.85,-1.81,-1.27,-1.51,-1.38,-2.18
200203,7.93,8.65,9.06,8.4,8.87,6.74,6.05,6.43,5.86,3.28
200204,1.93,1.93,1.57,1.54,-0.13,-0.79,-1.58,-1.08,-2.94,-6.94
200205,1.76,-3.84,-5.55,-4.76,-5.22,-2.93,-1.52,-1.57,-0.98,-0.85
200206,-4.22,0.18,-3.32,-4.89,-6.24,-6.94,-7.08,-8.46,-6.44,-7.4
200207,-11.46,-17.02,-15.39,-16.41,-13.69,-8.88,-9.98,-9.91,-9.73,-6.45
200208,-0.65,-1.53,-0.85,1.18,0.92,1.15,1.35,-0.06,0.52,0.74
200209,-8.08,-8.11,-7.27,-7.19,-7.28,-8.99,-8.7,-10.9,-8.59,-10.89
200210,3.41,2.77,4.48,3.34,5.03,4.14,4.94,5.51,6.52,9.41
200211,11.51,12.42,10,9.62,8.44,7.7,8.66,8.83,5.3,5.23
200212,-3.94,-6.29,-6.73,-5.82,-5.69,-4.4,-5.36,-4.49,-3.78,-6.25
200301,2.05,-2.46,-3,-2.5,-2.77,-3.05,-1.74,-1.85,-1.85,-2.98
200302,-1.16,-4.75,-2.48,-2.88,-3.67,-2.3,-1.69,-2.47,-0.66,-1.92
200303,1.79,0.85,0.77,1.75,1.12,1.43,0.68,0.51,1.21,1.22
200304,9.47,10.28,10.42,9.55,10.77,8.88,8.96,8.01,6.63,8.4
200305,14.21,13.67,11.06,11.43,10.24,7.96,9.71,9.38,8.88,4.4
200306,5.6,5.45,1.74,1.81,1.74,1.87,1.97,0.98,0.33,1.47
200307,9.19,7.73,7.82,6.25,5.01,4.42,3.94,3.44,2.24,1.59
200308,5.11,4.83,4.76,4.74,5.5,5.25,5.53,4.5,3.8,1.25
200309,4.47,0.25,-2.32,-2.65,-2.46,-1.68,-1.55,-1.5,-1.66,-0.98
200310,9.52,9.01,8.92,8.82,8.54,8.74,7.78,8.37,6.92,5.15
200311,4.93,3.98,3.46,3.44,3.25,3.62,3.41,2.48,2.22,0.6
200312,2.74,2.43,2.23,2.32,1.84,2.81,2.01,2.87,3.35,5.31
200401,8.5,5.74,4.86,4.11,3.37,3.05,3.28,2.13,2.62,1.58
200402,0.36,0.05,0,1.55,0.75,2.77,2.38,2.03,1.96,1.28
200403,-0.42,-0.95,0.69,1.15,1.33,0.81,-0.07,-0.39,-0.21,-1.93
200404,-3.89,-5.87,-4.7,-4.41,-3.02,-3.9,-3.3,-3.09,-1.96,-0.97
200405,-0.33,-0.55,1.75,1.95,1.74,1.81,2.19,2.27,2.05,0.89
200406,1.82,5.32,5.16,5.38,3.37,2.55,2.94,2.33,2.72,1.26
200407,-6.97,-9.8,-6.75,-6.64,-5.83,-5.65,-4.99,-5.38,-3.72,-3.23
200408,-1.45,-1.24,-0.29,-1.76,-0.41,-1.19,-0.45,-0.42,0.43,0.43
200409,3.85,5.31,5.77,5.54,4.27,3.37,3.93,3.18,3.84,0.42
200410,1.39,1.96,2.72,1.68,1.97,2.48,2.23,2.53,3.25,0.88
200411,8.1,10.12,9.33,8.64,7.43,6.27,6.7,6.79,5.64,3.43
200412,6.46,3.14,3.98,2.71,2.9,4.15,5.26,3.81,3.14,3.49
200501,-3.45,-4.58,-4.28,-3.39,-3.85,-2.58,-1.59,-3.61,-1.36,-2.56
200502,0.88,-0.12,2.49,3.19,2.2,2.06,3.18,2.4,3.5,1.75
200503,-4.16,-3.68,-2.55,-2.23,-2.66,-1.66,-0.86,-1.12,-0.29,-1.97
200504,-5.76,-6.62,-6.58,-6.25,-5.3,-4.36,-3.8,-3.98,-3.05,-1.24
200505,4.3,6.67,7.4,7.59,6.38,5.36,6.01,5.6,3.62,3.06
200506,4.05,4.91,4.13,3.84,3.19,2.62,3.01,2.31,2.64,-0.66
200507,7.9,6.5,7.52,6.2,5.93,5.24,5.55,5.52,4.9,3.26
200508,-0.98,-1.67,-1.76,-1.43,-1.66,-0.81,-0.79,-0.74,-1.27,-0.77
200509,1.15,0.08,0.12,1.01,0.52,1.06,0.82,1.19,1.86,0.49
200510,-3.49,-2.79,-2.6,-3.44,-3.43,-2.98,-2.96,-2.5,-2.35,-1.06
200511,3.25,5.4,5.03,4.89,5.01,5.86,4.05,4.79,3.91,3.59
200512,1.09,-0.34,0.43,-0.9,-0.43,1.39,0.93,1.22,0.71,-0.33
200601,8.58,9.97,9.12,8.55,8.2,6.03,5.32,4.59,4.02,1.81
200602,1.25,-0.98,0.12,-0.94,-0.75,-0.5,-0.11,0.13,-0.39,0.29
200603,5.33,4.63,4.88,4.75,4.73,3.22,2.63,2.73,1.55,1.11
200604,0.23,-0.29,1.49,0.46,0.5,0.25,1.82,0.96,1.22,1.17
200605,-5.78,-5.87,-5.19,-5.18,-6.24,-3.47,-3.97,-3.41,-3.59,-2.26
200606,-1.19,-0.49,-0.03,0.21,0.03,-0.57,-0.4,-0.68,0.73,0.13
200607,-3.6,-3.88,-3.81,-3.83,-3.87,-3.5,-4.23,-2.94,-0.8,1.1
200608,2.08,3.34,3.67,2.34,2.6,2.27,2.03,2.41,2.33,2.47
200609,0.88,0.29,1.57,0.57,1.14,0.87,2.07,1.72,2.02,2.68
200610,5.3,6.44,5.81,5.36,5.05,4.47,3.55,4.26,3.6,3.19
200611,2.36,2.02,2.97,2.14,3.85,4.04,3.92,3.79,2.93,1.4
200612,2.46,1.36,-0.4,0.29,0.2,0.38,0.55,0.15,0.18,1.82
200701,1.55,0.88,2.11,1.36,2.79,3.15,3.36,3.21,2.86,1.26
200702,-0.43,-0.81,-0.38,-0.57,0.4,0.97,0.21,-0.04,0.3,-2.67
200703,0.83,0.63,1.09,0.32,2.77,1.57,1.25,0.98,0.78,1.16
200704,1.82,1.14,1.96,1.99,3.39,3.94,4.14,4.26,3.8,4.43
200705,2.23,3.41,3.6,3.86,5.43,5.21,4.33,4.15,3.26,3.42
200706,-0.44,-0.02,-1.29,-2.02,-0.95,-0.71,-1.64,-1.89,-1.7,-1.68
200707,-6.22,-7.54,-6.69,-6,-5.19,-4.37,-4.97,-4.34,-2.95,-2.61
200708,-1.43,1.37,2.55,1.45,1.46,-0.73,-0.81,0.5,-0.35,2.18
200709,1.69,0.97,0.94,1.32,2.21,3.07,2.85,2.32,3.77,4.04
200710,0.88,1.81,1.95,2.83,2.68,2.56,1.81,1.94,2.14,2.02
200711,-8.88,-8.59,-7.62,-6.91,-5.78,-6.2,-5.11,-5.22,-3.64,-3.95
200712,-0.48,-0.7,-0.58,0.52,-1.2,-0.93,-1.77,-0.81,0.15,-0.68
200801,-6.83,-8.58,-7.29,-7.01,-5.78,-6.27,-4.76,-6.47,-5.74,-5.97
200802,-3.33,-5.4,-2.14,-3.84,-3.88,-0.48,-1.82,-2.32,-2.51,-3.24
200803,-2.21,-0.26,0.89,0.78,-1.07,-0.91,-3.08,-0.77,-2.1,-0.22
200804,1.03,2.64,2.62,3.65,6.39,9.32,5.52,5.73,6.28,3.99
200805,3.47,3.88,5.04,6.18,5.19,4.86,5.16,4.26,3.36,0.75
200806,-7.14,-9.84,-8.94,-6.69,-7.16,-7.02,-7.19,-9.07,-6.67,-8.78
200807,2.51,6.5,4.45,3.88,0.96,1.26,-2.29,-2.44,-2.53,-0.5
200808,2.57,4.53,4.28,6.24,3.63,3.24,1.87,2.43,0.35,1.31
200809,-9.88,-7.35,-7.58,-7.1,-10.57,-9.73,-11.72,-12.83,-11.45,-7.95
200810,-20.78,-20.62,-21.98,-21.13,-20.09,-19.51,-22.19,-20.47,-21.37,-14.78
200811,-15.97,-11.85,-12.11,-10.95,-12.33,-8.31,-9.91,-8.9,-10.33,-6.29
200812,2.29,5.29,6.62,5.3,3.75,5.22,3.52,4.39,2.92,0.72
200901,-7.75,-14.29,-10.1,-11.38,-10.34,-8.22,-5.44,-7.4,-6.29,-8.16
200902,-13.09,-12.3,-12.39,-12.02,-10.06,-9.74,-10.06,-8.77,-9.82,-9.78
200903,9.52,10.2,9.82,10.77,9.93,9.21,10.28,8.02,8.44,8.74
200904,15.48,19.02,16.08,16.24,18.01,13.63,13.63,13.25,14.29,7.52
200905,9.46,1.81,2.87,3.52,1.53,2.2,3.74,4.57,5.27,5.54
200906,5.37,3.68,2.58,1.38,1.79,0.03,0.88,0.38,0.06,0.26
200907,10.4,10.06,10.97,9.28,10.42,9.67,8.37,8.9,8.59,7.03
200908,7.58,4.47,2.95,3.97,3.93,3.04,3.99,5.1,3.7,2.92
200909,6.42,7.06,7.89,5.72,5.89,6.92,6.55,6.39,4.76,3.15
200910,-8.05,-8.67,-8.19,-7.01,-6.74,-5.07,-4.48,-4.53,-3.16,-1.02
200911,1.77,1.76,3.57,2.61,3.6,4.48,5.32,4,4.56,6.41
200912,6.61,9.57,9.62,8.84,7.47,7.24,5.31,6.56,4.31,1.11
201001,-0.97,-4.3,-3.38,-2.41,-3.83,-3.24,-3.55,-3.65,-3.08,-3.48
201002,4.42,6.27,4.16,3.68,6.21,4.92,4.6,5.98,3.86,2.73
201003,7.86,8.41,8.2,8.79,7.69,8.16,7.32,8.19,5.81,5.66
201004,10.62,7.79,5.73,4.96,5.98,3.51,5.3,3.66,2.38,0.72
201005,-8.53,-8.34,-7.87,-7.71,-7.98,-7,-7.51,-6.71,-7.47,-8.07
201006,-9.37,-8.08,-7.94,-8.21,-8.02,-6.79,-6.66,-6.49,-4.86,-5.02
201007,5.45,6.49,6.96,6.93,7.58,6.55,6.83,7.61,7.16,6.85
201008,-8.59,-9.3,-7.85,-6.85,-7.38,-5.42,-5.2,-4.47,-4.25,-4.4
201009,11.08,12.14,12.76,13.55,13.2,12.48,10.47,10.99,10.17,8.59
201010,4.53,5.94,4.28,2.89,4.14,4.23,1.92,4.09,3.54,3.96
201011,2.53,4.78,3.45,4.1,4.04,4.03,2.13,3.11,1.26,-0.56
201012,9.24,8.71,9.14,7.5,8.09,7.06,8.19,6.23,6.76,6.43
201101,0.47,-2.77,0.58,0.9,0.23,2.36,2.34,2.34,1.51,2.39
201102,4.32,4.56,6.55,5.21,5.45,5.82,3.62,4.25,3.93,3.04
201103,1.27,3.64,3.47,2.17,2.71,3.19,1.85,2.22,1.06,-0.36
201104,0.35,2.18,1.32,2.9,3.5,3.52,2.91,2.61,3.43,3.01
201105,-2.58,-2.57,-3.61,-0.8,-2.08,-1.1,-1.54,-0.06,-0.65,-1.38
201106,-2.45,-2.93,-2.1,-0.47,-1.93,-1.54,-2.23,-1.94,-1.45,-1.66
201107,-2.48,-2.79,-4.09,-4.18,-4.6,-3.98,-3.84,-3.23,-3.85,-1.45
201108,-10.69,-10.9,-9.99,-9.28,-7.98,-8.7,-8.05,-7.2,-5.65,-5.08
201109,-10.9,-11.37,-11.28,-11.34,-11.31,-11.57,-10.95,-9.35,-8.37,-6.19
201110,10.24,15.56,15.77,15.57,15.32,15.35,14.82,13.08,11.51,10.21
201111,-2.24,-0.62,-0.38,0.11,-1.64,0.55,0.29,-0.42,-0.57,-0.1
201112,1.4,0.67,-0.07,0.39,0.19,-0.31,-0.29,-0.33,-0.78,1.39
201201,8.27,9.24,7.34,6.44,6.25,6.49,6.11,6.17,5.56,4.36
201202,2.61,0.71,3.45,3.39,3.4,4.62,4.56,4.73,4.32,4.54
201203,4.63,2.76,2.21,2.56,2.56,0.51,1.83,1.96,2.46,3.59
201204,-1.06,-2.57,-2.17,-1.02,-1.11,-1.09,-0.8,-0.44,-0.48,-0.76
201205,-5.78,-7.98,-7,-5.51,-6.91,-7.33,-7.47,-7.58,-6.55,-5.68
201206,6.07,5.83,5.88,4.51,3.93,3.11,1.88,2.24,2.97,4.3
201207,-1.84,-2.28,-1.94,-1.49,-2.39,-0.2,-0.26,-0.82,0.43,1.51
201208,2.6,2.87,3.24,2.34,4.61,3.77,4.39,3.67,2.85,2.13
201209,4.93,4.12,5.43,3.42,2.05,3.08,1.89,2.4,2.18,2.82
201210,-2.88,-3.78,-2.78,-2.63,-0.26,-1.24,-0.94,0.09,-1.58,-1.99
201211,-1.02,1.84,0.69,0.26,2.14,2.26,2.54,1.3,1.39,0.36
201212,1.68,4.78,3.97,3.23,3.16,2.74,2.23,2.81,2.12,0.4
201301,7.37,4.64,6.52,6.63,6.41,6.76,8.12,6.97,6.56,4.87
201302,0.81,0.67,1.69,0.98,1.48,1.33,1.79,0.84,1.73,1.25
201303,5.48,5.25,4.56,4.68,4.71,5.01,4.76,4.36,4.42,3.72
201304,0.76,-0.29,-1.07,-0.42,-0.61,-0.98,0.76,1.05,1.67,1.98
201305,4.7,6.33,6.56,4.92,4.82,4.38,5.2,2.41,2.14,2.52
201306,1.41,-0.01,1.11,-0.25,-0.1,-1.36,-1.45,-1.95,-0.54,-1.48
201307,7.97,8.46,7.75,6.25,7.62,7.71,6.71,6.73,5.5,5.17
201308,-2.86,-2.92,-3.04,-2.15,-3.47,-2.12,-2.78,-2.12,-2.5,-2.84
201309,6.63,7.49,6.6,6.35,5.23,6,5.77,5.01,4.18,2.96
201310,1.91,1.38,2.87,1.28,3.85,3.69,3.49,3.18,3.55,4.77
201311,5.54,6.19,3.86,4.71,3.41,3.35,1.77,1.96,2.13,3.39
201312,2.57,1.56,2.62,1.97,2.89,2.83,3.11,3.37,2.9,2.52
201401,0.61,-3.02,-2.37,-3.69,-2.8,-1.79,-2.87,-2.87,-2.19,-3.86
201402,4.48,4.91,4.89,4.52,4.8,6.05,5.25,6.15,6.04,4.09
201403,-0.85,0.21,-0.15,-0.71,-0.9,-1.02,-0.35,-0.1,-0.18,1.07
201404,-5.72,-5.52,-4.23,-3.75,-3.2,-2.4,-1.35,-1.46,-0.19,0.93
201405,-0.68,-1.01,-0.19,0.67,1.36,1.4,1.28,2.71,2.41,2.19
201406,4.7,6.07,6.16,6.25,5.09,5.19,4.81,3.65,2.76,1.64
201407,-6.14,-7.32,-6.91,-5.09,-6.15,-5.29,-4.51,-2.53,-2.02,-1.07
201408,3.85,3.66,5.23,5.11,4.69,5.49,5.43,4.99,4.68,3.83
201409,-4.99,-6.91,-5.34,-5.38,-5.46,-5.39,-4.33,-3.47,-2.22,-0.95
201410,3.53,6.64,6.61,6.07,5.12,4.25,1.25,3.54,2.88,1.99
201411,-1.04,-1.06,0.52,-0.23,1.73,1.22,1.23,3.1,2.9,2.86
201412,4.78,5.94,3.61,1.39,1.61,0.42,0.13,0.71,-0.06,-0.53
201501,-3.71,-5.5,-4.03,-4.08,-4.14,-1.73,-2.56,-1.21,-2.19,-3.45
201502,4.68,6.5,7.52,5.98,7.32,7.41,6.97,7.5,6,5.87
201503,1.46,1.45,1.83,2.19,1.19,0.93,0.74,0.55,-0.88,-1.99
201504,-1.96,-2.84,-2.33,-2.18,-1.79,-1.54,0.12,-1.44,-0.13,1.53
201505,1.65,2.96,2.67,2.74,2.09,2.99,0.88,2.46,0.82,1.17
201506,1.05,4.3,1.93,-0.19,0.7,-1.25,-1.3,-1.18,-2.16,-1.79
201507,-4.76,-5.43,-2.14,-1.74,-2.32,-1.4,1.13,0.55,0.2,2.64
201508,-3.65,-5.61,-5.58,-6.68,-6.7,-4.64,-6.27,-5.57,-4.58,-6.36
201509,-6.15,-6.9,-6.01,-6.16,-5.43,-5.81,-4.11,-4.91,-2.98,-2.28
201510,3.79,6.51,5.86,4.81,6.81,5.31,5.38,6.61,6.44,8.67
201511,2.85,3.85,4.29,4.98,3.13,0.9,1.01,1.03,-0.43,0.39
201512,-4.1,-5.41,-5.27,-4.8,-5.82,-4.42,-4.05,-3.82,-2.53,-1.43
201601,-9.67,-10.65,-10.6,-9.91,-8.98,-7.73,-7.29,-7.94,-5.68,-5.08
201602,-0.64,-0.75,0.67,0.3,0.88,1.88,1.6,0.64,1.34,-0.53
201603,5.28,7.4,7.79,8.24,9.06,7.72,7.9,8.69,7.64,6.45
201604,4.45,2.83,3.26,1.57,1.95,1.51,1.51,1.95,0.97,0.52
201605,0.04,-0.05,2.52,1.93,0.9,1.93,2.26,3.11,1.18,1.75
201606,-0.33,-0.76,0.73,-0.89,0.48,-1.56,-0.82,-1.35,1.29,-0.14
201607,4.55,6.1,6.9,6.33,6.11,5.78,4.4,4.41,4.47,3.49
201608,3.07,4.1,0.73,3.46,2.15,1.36,-0.03,2.06,-0.35,0.33
201609,4.82,3.67,2.76,1.63,0.68,0.52,0.06,-0.13,1.15,-0.05
201610,-6.95,-6.04,-5.34,-6.8,-4.29,-3.51,-3.25,-1.57,-2.87,-1.29
201611,9.95,13.38,12.49,13.06,11.69,9.11,8.92,5.75,5.75,3.42
201612,3.33,5.05,2.51,1.12,1.79,1.21,1.17,0.4,1.3,2.13
201701,-0.34,-1.05,-0.21,1.09,1.38,1.48,2.68,2.54,3.42,1.76
201702,1.16,0.1,2.78,1.29,1.17,2.25,2.71,3.37,2.72,4.22
201703,2.31,0.76,0.01,0.59,0.18,-0.05,0.1,0.08,-0.03,0.24
201704,0.24,1.67,1.91,1.08,0.78,0.75,0.52,1.21,1.1,1.2
201705,-2.03,-2.71,-2.36,-2.56,-1.87,-1.09,-0.32,0.46,2.32,1.51
201706,4.76,6.19,4.61,3.33,2.43,2.61,2.15,1.47,0.04,0.5
201707,-1.22,-1.13,0.46,1.09,1.2,1.05,1.48,1.43,2.03,2.21
201708,-1.81,-1.18,-1.36,-2.61,-1.28,-0.96,-0.49,-0.07,-1.3,0.89
201709,9.18,8.36,7.33,7.78,6.54,4.12,4.16,3.71,2.33,1.9
201710,-1.07,0.21,0.28,0.28,0.55,2.4,2.38,1.97,1.58,2.72
201711,3.02,3.2,2.68,2.72,3.03,3.94,3.3,4.86,3.11,3.11
201712,0.81,-0.18,0.15,0.66,-0.08,0.49,1.22,1.04,1.61,1.2
201801,2.26,3.08,2.2,2.37,3.05,4.07,3.77,4.92,4.62,6.44
201802,-3.95,-2.87,-3.08,-3.51,-4.17,-4.17,-3.59,-4.05,-3.43,-3.45
201803,1.39,1.43,1.33,0.99,0.92,0.53,0.57,-0.25,-0.61,-3.29
201804,1.45,1.71,1.93,1.41,1.71,-1.16,-0.35,0.01,0,0.56
201805,7.72,8.29,5.82,6.68,6.76,3.87,4.68,2.86,0.27,2.65
201806,1.16,2.09,1.04,1.02,0.89,-0.59,0.16,1.07,0.39,0.6
201807,-0.97,-0.35,2.02,2.36,1.66,1.88,2.01,2.54,3.26,3.82
201808,2.87,4.83,5.4,4.22,2.97,5.27,3.56,3.08,2.95,3.68
201809,-1.87,-2.78,-3.38,-1.13,-2.32,-2.21,-1.22,-0.11,-0.1,0.72
201810,-10.66,-12.23,-11.77,-11.41,-11.58,-8.99,-10.8,-8.02,-8.79,-6.47
201811,-2.09,-0.47,1.15,2.73,1.57,1.41,3.97,1.29,2.48,1.75
201812,-13.01,-12.38,-11.56,-12.27,-12.38,-11.29,-11.76,-10.52,-9.21,-8.76
201901,10.46,10.01,10.36,10.49,13.28,11.74,12.63,10.14,10.37,7.5
201902,5.66,6.49,5.7,5.25,4.42,5.86,6.12,4.14,4.95,2.98
201903,-3.04,-2.97,-1.89,-2.92,-2.12,-0.97,-0.99,1.27,0.74,1.97
201904,1.31,2.15,3.09,2.73,3.92,5.42,4.76,3.44,3.89,4.4
201905,-6.58,-7.63,-7.8,-9.39,-8.21,-6.82,-8.28,-6.38,-6.22,-6.7
201906,4.86,6.49,7.84,7.4,7.65,8.03,8.5,7.62,7.15,6.93
201907,-2.89,-1.86,-0.69,0.01,0.83,1.86,1.3,1.41,1.06,1.59
201908,-5.58,-6.64,-6.41,-4.7,-5.84,-5.82,-4.72,-3.76,-2.89,-1.61
201909,2.57,3.31,2.46,2.18,1.12,1.95,1.31,1.82,1.3,1.67
201910,-1.78,1.26,1.89,3.21,3.05,1.6,0.3,1.17,0.61,2.77
201911,3.08,6.34,5.56,3.76,4.56,4.31,4.31,5.26,3.96,3.79
201912,4.98,6.8,5.29,3.31,2.61,2.2,2.27,1.95,2.55,3.04
202001,-3.49,-5.45,-5.96,-4.18,-3.35,-2.81,-1.74,-0.48,-0.61,0.68
202002,-6.57,-6.86,-9,-9.8,-7.44,-9.36,-8.83,-8.07,-7.93,-8
202003,-22.17,-23.67,-24.22,-22.46,-21.12,-21.24,-21.75,-18.04,-16.51,-10.74
202004,15.04,17.56,16.03,15.65,15.34,14.52,17.15,14.56,14.16,13.1
202005,8.24,6.63,5.44,6.86,8.47,7.63,8.21,8.62,7.52,4.47
202006,9.65,5.8,4.11,3.27,3.24,1.91,2.07,1.29,2.3,2.38
202007,3.92,1.04,-0.39,3.72,2.62,3.06,4.37,6.59,6.42,6.08
202008,2.06,7.51,5.4,7.15,5.81,5.51,4.41,4.33,2.74,9.02
202009,-0.82,-3.29,-5.11,-3.67,-2.97,-3.47,-3.1,-0.98,-1.53,-4.25
202010,-2.1,1.3,3.28,2.43,3.42,3.21,2.26,0.72,0.86,-3.41
202011,23.64,21.65,21.28,18.3,19.79,16.96,15.42,14.23,13.21,11.16
202012,10.41,8.56,9.93,9.43,10.14,8.34,6.4,5.95,3.84,4.09
202101,16.82,19.1,9.12,5.94,1.31,2.98,2.18,-0.3,-0.38,-0.91
202102,11.64,3.84,10.24,7.16,8.53,6.14,6.97,6.47,4.79,1.59
202103,1.2,4.71,1.83,1.08,2.65,1.79,2.53,1.87,2.39,3.97
202104,-1.5,-0.61,1.62,1.96,2.97,3.77,4.14,4.8,5.63,5.49
202105,2.07,5.23,1.06,1.16,1.11,-0.76,-0.65,0.94,0.69,0.24
202106,4.13,3.01,2.34,2.07,-0.14,-0.6,0.91,0.94,1.95,3.04
202107,-5.78,-5.33,-5.19,-4.57,-2.51,-2.3,-1.92,-0.56,0.8,2.44
202108,2.8,3.6,1.8,2.1,1.57,1.87,2.05,3.14,3.21,2.99
202109,-2.54,-2.78,-2.58,-3.38,-3.34,-2.57,-3.02,-3.98,-4.04,-4.74
202110,0.82,2.4,2.8,3.17,4.97,4.22,5.55,4.93,7.26,7.14
202111,-5.59,-4.74,-6.37,-2.09,-3.85,-4.66,-6.21,-3.12,-2.34,-0.65
202112,-1.98,1.44,2.71,2.69,2.75,2.2,3.65,3.49,3.85,3.46
202201,-7.47,-9.19,-9.22,-9.15,-8.22,-9.04,-7.47,-6.93,-6.66,-5.37
202202,-0.82,1.43,1.81,1.51,0.49,0.82,1.75,0.19,-0.59,-3.33
202203,1.26,0.41,1.64,0.4,0.75,2.05,0.74,1.62,2.87,3.65
202204,-8.63,-8.63,-9.35,-11.16,-8.78,-7.84,-8.08,-7.9,-7.64,-9.75
202205,-1.85,0.37,0.74,0.87,-0.1,0.04,0.7,1.23,0.58,-0.62
202206,-6.17,-7.44,-7.12,-8.2,-8.25,-9.02,-10.43,-9.66,-8.78,-7.91
202207,6.32,9.52,11.06,11.67,11.23,9.58,11.14,9.84,10.26,9.39
202208,1.12,0.11,-1.31,-1.93,-1.99,-3.49,-2.51,-2.98,-2.7,-4.01
202209,-9.58,-9.34,-9.65,-10.32,-9.62,-9.46,-8.78,-10.19,-8.22,-9.08
202210,4.19,8.98,11.13,11.11,10.69,10.02,9.5,8.14,9.06,7.66
202211,-0.65,-2.13,-0.12,1.23,4.41,4.83,4.85,5.27,5.88,5.11
202212,-2.61,-5.83,-4.68,-7.22,-6.9,-5.58,-5.88,-5.39,-6.1,-6.12
202301,11.51,10.47,11.47,11.8,10.67,10.06,10.62,8.61,7.85,6.07
202302,-4.19,-2.5,-2.84,-1.87,-0.71,-1.74,-1.24,-4.06,-2.36,-2.21
202303,-6.1,-8.28,-6.71,-3.28,-3.59,-3.82,-2.18,-1.46,-0.38,4.97
202304,-1.43,-2.78,-1.61,-3.18,-1.56,-1.69,-0.75,-1.98,-0.43,1.87
202305,-0.11,1.41,1,0.73,-2.64,-1.91,-2.45,-2.23,-2.91,1.75
202306,4.28,6.33,7.85,8.07,8.79,8.39,10.07,8.1,8.15,6.35
202307,6.8,5.9,6.63,6.75,7.55,4.63,5.23,4.35,3.46,3.32
